FoodNumber,NDNSFoodName,matched,matched_code,AV CHEX
3,BARLEY PEARL WHITE BOILED IN WATER,Barley (e.g pearl barley/wholegrain),5,
10,CORN MEAL UNSIFTED DRIED,Cornmeal,9,
9371,"PASTA, EGG, FRESH, PLAIN BOILED",Egg noodles,32,
27,PASTA MACARONI BOILED,"Pasta white/tricolore, any shape (e.g. penne, fusilli, shells)",34,
9172,VEGETABLE RAVIOLI CANNED IN TOMATO SAUCE,"Ravioli (filled pasta) in tomato sauce, canned",39,
9208,WHOLEWHEAT SPAGHETTI CANNED IN TOMATO SAUCE FORTIFIED,"Pasta in tomato sauce, canned (e.g. Heinz Spaghetti Hoops)",41,
10336,HEINZ PASTA SHAPES CANNED IN TOMATO SAUCE WITH VITS/MIN AND OMEGA 3,"Pasta in tomato sauce, canned (e.g. Heinz Spaghetti Hoops)",41,
40,PASTA SPAGHETTI CANNED IN BOLOGNESE SAUCE,"Pasta in tomato sauce, canned (e.g. Heinz Spaghetti Hoops)",41,
10773,"PASTA SHAPES IN TOMATO SAUCE FORT. WITH VITS/MINS (E.G. HEINZ, CROSSE & BLACKWELL)","Pasta in tomato sauce, canned (e.g. Heinz Spaghetti Hoops)",41,
8611,PASTA SHAPES IN TOMATO SAUCE FORT. WITH VITS/MINS,"Pasta in tomato sauce, canned (e.g. Heinz Spaghetti Hoops)",41,
7602,"SPAGHETTI, CANNED IN TOMATO SAUCE, REDUCED SUGAR","Pasta in tomato sauce, canned (e.g. Heinz Spaghetti Hoops)",41,
820,TOAST TOPPERS CANNED,"Pasta in tomato sauce, canned (e.g. Heinz Spaghetti Hoops)",41,
10015,THAI FRAGRANT RICE -  COOKED,Thai fragrant rice,42,
9130,BASMATI RICE FRIED IN OLIVE OIL,"White rice, fried (e.g. pilau rice)",47,
60,RICE WHITE WITH PUFA OIL,"White rice, fried (e.g. pilau rice)",47,
59,RICE WHITE FRIED BLENDED OIL,"White rice, fried (e.g. pilau rice)",47,
44,RICE BASMATI FRIED IN BLEND OIL,"White rice, fried (e.g. pilau rice)",47,
62,RICE WHITE FRIED IN LARD,"White rice, fried (e.g. pilau rice)",47,
10008,BROWN BASMATI RICE - RAW,Brown rice,49,
10010,BROWN EASYCOOK ITALIAN/AMERICAN RICE - RAW,Brown rice,49,
10017,RED RICE - COOKED,Brown rice,49,
10011,BROWN EASYCOOK ITALIAN/AMERICAN RICE - COOKED,Brown rice,49,
10009,BROWN BASMATI RICE - COOKED,Brown rice,49,
55,WHITE RICE EASY COOK BOILED,"White rice, e.g. long-grain (including easy-cook)",58,
10006,BASMATI EASYCOOK WHITE RICE - COOKED,"White rice, e.g. long-grain (including easy-cook)",58,
3240,SEMOLINA PACKET MIX E.G. BIRDS. DRY WEIGHT,Semolina (uncooked),72,
109,"FRUIT LOAF PURCHASED, TOASTED",Fruit loaf,108,
382,SULTANA LOAF,Fruit loaf,108,
320,DATE AND WALNUT LOAF,Fruit loaf,108,
10075,"DATE AND WALNUT LOAF PURCHASED, NOT LOW FAT",Fruit loaf,108,
388,WALNUT LOAF,Fruit loaf,108,
3904,WHITE AND WHOLEMEAL BREAD WITH ADDED WHEATGERM,Wheatgerm bread (e.g. Hovis),110,
7609,BREAD HIGH FIBRE WHITE,Granary bread,112,
111,"WHEATGERM BREAD, TOASTED","Toast, granary bread",113,
107,BROWN BREAD TOASTED,"Toast, granary bread",113,
101,ALL-BRAN LOAF,Rye bread / pumpernickel,114,
3148,"PITTA BREAD, WHITE, TOASTED","Pitta bread, white",116,
3487,"PITTA BREAD, WHOLEMEAL, TOASTED","Pitta bread, wholemeal (brown)",117,
4029,RICE FRIED IN GHEE,White bread,120,
130,BREAD WHITE SCOTTISH BATCH LOAF,White bread,120,
122,BREAD WHITE ANY FRIED IN BLENDED VEG OIL,"Fried bread, white",123,
125,BREAD WHITE FRIED IN LARD,"Fried bread, white",123,
3863,BREAD WHITE FRIED IN BUTTER,"Fried bread, white",123,
7769,EGGY BREAD W/M MILK BLEND OIL,"Fried bread, white",123,
10517,TOASTED MINIBREADS PURCHASED,"Croutons, white",123,
10324,BREAD WHITE SLIMMERS TOASTED,"Toast, white bread",126,
8073,MILK LOAF TOASTED,"Toast, white bread",126,
132,BREAD WHITE VIENNA,"Toast, white bread",126,
7610,BREAD HIGH FIBRE WHITE TOASTED,"Toast, white bread",126,
11067,WHITE MILK BREAD WITH ADDED CALCIUM EG WARBURTONS,"Milk bread/roll, white",128,
170,HAMBURGER ROLLS TOASTED,"Toast, milk bread/roll, white",128,
171,ROLLS WHITE TOASTED,"Toast, milk bread/roll, white",128,
118,BREAD VIT-BE,Wholemeal (brown) bread,133,
102,BROWN BREAD NO ADDED BRAN,Wholemeal (brown) bread,133,
10807,BROWN BREAD WITH ADDED WHEAT BRAN AND FOLIC ACID,Wholemeal (brown) bread,133,
162,BREAD VITBE FRIED BLENDED OIL,"Fried bread, wholemeal (brown)",135,
103,BROWN BREAD FRIED BLEND OIL,"Fried bread, wholemeal (brown)",135,
106,BROWN BREAD FRIED IN LARD,"Fried bread, wholemeal (brown)",135,
3172,"WHOLEMEAL BREAD, SLIMMERS, TOASTED","Toast, wholemeal (brown) bread",138,
3431,WHOLEMEAL SODA BREAD TOASTED,"Toast, wholemeal (brown) bread",138,
172,ROLLS WHOLEMEAL TOASTED,"Toast, wholemeal (brown) bread",138,
8178,HIBRAN BREAD TOASTED,"Toast, wholemeal (brown) bread",138,
139,BREADCUMBS WHITE HOMEMADE DRIED,"Breadcrumbs, dried",140,
142,CHAPATIS BROWN IN VEG GHEE,"Chapati / roti, wholemeal (brown), without oil, homemade",143,
147,CRUMPETS PIKELETS,Crumpet / pikelet,148,
167,WHOLE MEAL MALT LOAF,Malt loaf (e.g. Soreen),149,
150,"MALT LOAF, TOASTED",Malt loaf (e.g. Soreen),149,
151,MUFFINS PLAIN ENGLISH NOT WHOLEMEAL,"English style bread muffin, white",152,
153,PAPADUMS/POPPADOMS GRILLED OR BAKED,Poppadums,10287,
10287,POPPADOMS/PAPPADOMS READY TO EAT PURCHASED OR RETAIL,Poppadums,10287,
8964,PURI MADE WITH WHITE FLOUR ANCHOR BUTTER VEG GHEE,Poppadums,10287,
158,ROLLS WHITE CRUSTY,"Bread roll, white (e.g. hamburger bun, finger roll)",159,
173,MUFFINS ENGLISH WHOLEMEAL OR BRAN,"English style bread muffin, wholemeal (brown)",174,
8482,"ALL BRAN TYPE CEREAL, E.G. TESCO BRAN,  NOT SAINSBURYS,  NESTLE, ALPEN CRUNCHY BRAN",All bran (including supermarket brands),201,
7051,"RAISIN WHEATS, KELLOGGS",Kellogg's Bran Flakes,202,
203,SULTANA BRAN KELLOGGS ONLY,Kellogg's Bran Flakes,202,
7025,KELLOGGS ALL BRAN CRUNCHY OAT BAKES,Kellogg's Bran Flakes,202,
10868,KELLOGGS ALL BRAN GOLDEN CRUNCH CEREAL,Kellogg's Bran Flakes,202,
8159,KELLOGGS COCOPOPS COCOROCKS,Kellogg's Coco Pops,204,
10255,KELLOGGS COCO POPS STRAWS,Kellogg's Coco Pops,204,
11066,KELLOGGS HONEY POPS,Kellogg's Coco Pops,204,
10762,KELLOGGS CHOC 'N' ROLL BREAKFAST CEREAL,Kellogg's Coco Pops,204,
11240,KELLOGGS COCO POPS PORRIDGE DRY WEIGHT,Kellogg's Coco Pops,204,
10884,KELLOGGS MINI MAX CHOCOLATE CEREAL,Kellogg's Coco Pops,204,
10369,LITTLE MAN CHOCO MOON BREAKFAST CEREAL FORTIFIED,Kellogg's Coco Pops,204,
11289,M&S CORNFLAKES ONLY FORTIFIED  WITH VITAMINS AND IRON,Kellogg's Cornflakes,205,
228,MULTIGRAIN START KELLOGGS,Kellogg's Cornflakes,205,
10487,MORRISONS RIGHT BALANCE BREAKFAST CEREAL FORTIFIED,"Cornflakes, supermarket brand",206,
10904,"ORGANIX GLUTEN FREE 4 GRAIN CEREAL, WITH ADDED THIAMIN, STAGE 1",Gluten free cornflakes,206,
10386,COW AND GATE MY FIRST MUESLI FORTIFIED,"Muesli, Swiss style, with added sugar (e.g. Alpen original)",212,
6822,"JUST RIGHT, KELLOGGS (1/2 FAT MUESLI)","Muesli, Swiss style, with added sugar (e.g. Alpen original)",212,
7629,"MUESLI WITH ADDED SUGAR, WITH EXTRA FRUIT AND NUTS E.G. SAINSBURY'S LUXURY MUESLI","Muesli, Swiss style, with added sugar (e.g. Alpen original)",212,
8427,ASDA CHOCO FLAKES FORTIFIED,"Special Flakes, with honey/chocolate (e.g.  Kellogg's Special K)",213,
6836,"MUESLI, NO ADDED SUGAR WITH EXTRA FRUIT & NUTS","Muesli, Swiss style, no added sugar",214,
10156,CORNMEAL BASED BREAKFAST CEREAL UNFORTIFIED,Puffed wheat breakfast cereal (unsweetened),218,
10132,OPTIVITA BERRY BREAKFAST CEREAL,Puffed wheat breakfast cereal (unsweetened),218,
7641,R.BREK FLAV. WHOLE MILK,"Ready Brek, made up with whole milk",219,
4331,RICICLES (KELLOGGS),Kellogg's Rice Krispies,220,
8140,KELLOGGS SPECIAL K MEDLEY CEREAL,Kellogg's Special K (original),223,
11139,KELLOGGS MINI MAX CEREAL ORIGINAL,Kellogg's Special K (original),223,
10870,KELLOGGS ORIGINAL HOT OAT KRUMBLY,Kellogg's Special K (original),223,
10406,NEW DAY HONEY WHEAT PUFF CEREAL FORTIFIED,Honey coated puffed wheat breakfast cereal (e.g. Honey Monster Puffs),224,
11134,WEETABIX BREAKFAST BISCUITS FORTIFIED,Weetabix / Wheat biscuits,225,
8127,KELLOGGS FROSTIES REDUCED SUGAR,Kellogg's Frosties,227,
10355,KELLOGGS SPECIAL K SUSTAIN CEREAL,Kellogg's Fruit 'n' Fibre cereal,229,
8197,CRUNCH BISCUITS HALF COATED WITH CHOCOLATE,"Chocolate coated biscuit (e.g. Rocky bar, Breakaway)",253,
6310,CHOCOLATE CRISP BISCUIT BAR,"Chocolate coated biscuit (e.g. Rocky bar, Breakaway)",253,
8204,SEMI-SWEET BISCUITS HALF COATED WITH CHOCOLATE,"Chocolate coated biscuit (e.g. Rocky bar, Breakaway)",253,
11318,CADBURY ANIMAL BISCUITS,Cadbury animal biscuits,254,
4068,"CRACKERBREAD, WHOLEMEAL, RYVITA",Crackerbread wholegrain (e.g. Ryvita),256,
8117,MULTIGRAIN CRISPBREAD,Multigrain crispbreads (e.g. Ryvita),256,
10300,RYVITA GOODNESS BARS,Crackerbread wholegrain (e.g. Ryvita),256,
10275,DIGESTIVE BISCUITS WITH WHEATGERM,Digestive biscuit,259,
8166,MALLOW BISCUITS NO CHOCOLATE,Digestive biscuit,259,
9472,DIGESTIVES HALF COATED IN CHOCOLATE REDUCED FAT,"Chocolate digestive, biscuit",260,
5986,FLAPJACK MADE WITH SPREADABLE BUTTER,Flapjack (including fruit flapjack),261,
357,FLAPJACKS HOMEMADE,Flapjack (including fruit flapjack),261,
5246,PANCAKES MADE WITH GLUTEN FREE FLOUR,Gluten free flapjack,261,
7682,PINNI; DABRA,Flapjack (including fruit flapjack),261,
330,FLORENTINES,Florentines,262,
281,FRUIT AND NUT BISCUITS,Fruit biscuit (e.g. fruit shortcake biscuit),262,
6619,GINGER BISCUITS MADE WITH BUTTER,"Ginger biscuit (e.g. ginger nuts, ginger snaps)",263,
7667,GINGERNUT BISCUITS HOMEMADE,"Ginger biscuit (e.g. ginger nuts, ginger snaps)",263,
9363,OATCAKES PANCAKE TYPE NOT BISCUIT,Oatcakes / Oat cakes,267,
7325,HIGH FIBRE RYVITA,Ryvita thins/Jacob's flatbread,274,
2795,"BANANA BREAD, HOMEMADE",Banana bread/cake,302,
314,CREAM HORNS WITH ARTIFICIAL CREAM,Cream horns,313,
541,CUSTARD TART,Egg custard tart,316,
317,CUSTARD TART LARGE HOMEMADE,Egg custard tart,316,
693,CHEESE DANISH BLUE LOW FAT,Danish pastry,318,
664,CHEESE DANISH BLUE FULL FAT,Danish pastry,318,
6385,RICH CHOCOLATE DANISH DESERT EG SARA LEE,Danish pastry,318,
366,SATA PASTRIES,Ring doughnut,323,
410,DOUGHNUT WHOLEMEAL,Cream doughnut,325,
7677,"CHOUX BUN FILLED WITH FRESH CREAM, ICED",Eclair/choux bun with chocolate icing and cream filling,327,
7676,CHOUX BUNS FILLED WITH FRESH CREAM NOT ICED,Eclair/choux bun with chocolate icing and cream filling,327,
328,CHOCOLATE ECLAIR WITH ARTIFICIAL CREAM,Eclair/choux bun with chocolate icing and cream filling,327,
7680,"ECLAIRS AND PROFITEROLES, CHOCOLATE ICING, FRESH CREAM FILLING, HOMEMADE",Eclair/choux bun with chocolate icing and cream filling,327,
8758,JAM TART INDIVIDUAL MADE WITH ALL MARG HOMEMADE,"Jam tart, individual",340,
341,JAM TARTS NOT WHOLEMEAL HOMEMADE INDIVDUAL,"Jam tart, individual",340,
10319,COCONUT MACAROONS PURCHASED,Macaroons,348,
8484,GARIBALDI,Amaretti biscuits,348,
352,MERINGUES FILLED WITH WHIPPED CREAM,Meringue,350,
8878,POTATO CAKES (SCONES) PURCHASED,Cheese scone,367,
371,POTATO SCONES,Cheese scone,367,
8607,FRUIT SCONE MADE WITH PUFA MARGARINE,Fruit scone,368,
3189,WHOLEMEAL FRUIT SCONES,Fruit scone,368,
3780,"SCONES, FRUIT, REDUCED FAT, PURCHASED",Fruit scone,368,
5448,"SPONGE CAKE WITH JAM AND GLACE ICING, NOT CHOC, PURCHASED",Sponge cake filled with jam,380,
381,SPONGE CAKE MIX PACKET AS SERVED,Sponge cake filled with jam,380,
423,TEACAKES WHOLEMEAL TOASTED,"Teacake, toasted",385,
384,TEACAKES,"Teacake, toasted",385,
372,WHOLEMEAL SCONES PLAIN,Wholemeal pastry (savoury),405,
276,WHOLEMEAL BISCUIT PLAIN OR FLAVOURED,Wholemeal pastry (savoury),405,
8724,SHORTCRUST PASTRY NOT WHOLEMEAL CCF & PUFA COOKED,Shortcrust pastry (savoury),406,
2976,PEACH AND APPLE CRUMBLE,Apple Crumble,502,
9950,APPLE CRUMBLE WITH WHITE FLOUR + PUFA,Apple Crumble,502,
6966,"CRUMBLE, FRUIT, PURCHASED",Apple Crumble,502,
9934,BLACKCURRANT CRUMBLE,Apple Crumble,502,
2783,RHUBARB CRUMBLE WITH OATS & PUFA MARGARINE,Fruit crumble (including rhubarb),503,
505,BREAD PUDDING,Bread and butter pudding,507,
9038,PANCAKES MADE WITH SKIMMED MILK,Bread and butter pudding,507,
584,RUM BABA; SAVARIN,Bread and butter pudding,507,
6962,"CHEESECAKE, FRUIT, INDIVIDUAL FULL FAT, PURCHASED",Cheesecake with fruit,510,
588,CHEESECAKE PACKET MIX AS SERVED INC FRUIT TOPPING,Cheesecake with fruit,510,
8762,CHEESECAKE WITH FRUIT TOPPING PURCHASED NOT FROZEN,Cheesecake with fruit,510,
511,CHRISTMAS PUDDING HOMEMADE,Christmas pudding,512,
326,ECCLES CAKES,"Fruit pie, single crust",521,
9819,BAKED EGG CUSTARD (WITH SEMI-SKIMMED MILK),"Egg custard, baked or as sauce",545,
8841,HEINZ MUMS OWN RECIPE EGG CUSTARD STAGE 1,"Egg custard, baked or as sauce",545,
9926,CUSTARD MADE WITH W/MILK AND WATER,"Custard, made with sugar (homemade)",548,
9061,CUSTARD WITH SEMI-SK MILK AND SWEETENER,"Custard, made with sugar (homemade)",548,
8207,CUSTARD FRUIT DESSERTS,"Custard, made with sugar (homemade)",548,
10272,LUXURY FRESH CUSTARD READY TO SERVE PURCHASED,"Custard, made with sugar (homemade)",548,
8145,BIRDS WHISK AND SERVE CUSTARD MADE WITH WATER,"Custard, made with sugar (homemade)",548,
7693,INST. DESSERT SUGAR FREE,Instant dessert powder,550,
9025,INSTANT DESSERT MADE WITH WATER,Instant dessert powder,550,
551,INSTANT DESERT AS SERVED,Instant dessert powder,550,
10198,"JELLY, CONTAINING FRUIT JUICE, PURCHASED",Jelly (not made up),552,
7702,JELLY MADE WITH SEMI-SKIMMED MILK,Jelly,553,
6727,SEMOLINA MADE WITH WATER SUGAR AND FLOUR,"Rice pudding / semolina, canned",559,
10007,PUDDING RICE - RAW,"Rice pudding / semolina, canned",559,
6312,CHOCOLATE SPONGE PUDDING WITH CHOCOLATE SAUCE,Sponge pudding,567,
568,STEAMED SPONGE PUDDING WITH DRIED FRUIT,Sponge pudding,567,
5749,ORANGE & LEMON SPONGE PUDDING BAKED,Sponge pudding,567,
342,JAM TREACLE TART WHOLEMEAL,Treacle tart,572,
343,JAM TREACLE TART TWO CRUST,Treacle tart,572,
6964,"TRIFLE, CHOCOLATE, PURCHASED",Chocolate trifle,574,
575,"TRIFLE, PURCHASED, FROZEN WITH DAIRY CREAM",Chocolate trifle,574,
573,TRIFLE HOMEMADE,Chocolate trifle,574,
581,TRIFLE HOMEMADE WITH ARTIFICIAL CREAM,Chocolate trifle,574,
3149,LOW FAT TRIFLE E.G. ST IVEL,Chocolate trifle,574,
9816,SHERRY TRIFLE (WITHOUT FRUIT OR JELLY),Trifle,574,
9624,STRAWBERRY TRIFLE NO FRUIT,Trifle,574,
4208,"TRIFLE WITH JELLY, CUSTARD, STRAWBERRIES, CREAM, SPONGE",Trifle,574,
10558,FORTISIP FRUIT DESSERT,"Flan, fruit; sponge base with fruit",583,
8842,TODDLERS SWEETENED FRUIT DESSERTS WITH VIT C,"Flan, fruit; sponge base with fruit",583,
577,FRUIT FRITTER FRIED BLEN OIL,Fruit fritters,586,
9717,APPLE PIE WITH PURCHASED SHORTCRUST PASTRY,"Fruit pie, fried (e.g. McDonalds apple pie)",586,
580,FRUIT FRITTER FRIED COMM BLEND,Fruit fritters,586,
627,MILKSHAKE,"Milkshake made with ice-cream, from takeaway (e.g. McDonalds)",629,
628,MILK SHAKE WHOLE MILK WITH ICECREAM,"Milkshake made with ice-cream, from takeaway (e.g. McDonalds)",629,
8214,MILKSHAKE UHT PURCHASED MADE WITH WHOLEMILK,"Milkshake made with ice-cream, from takeaway (e.g. McDonalds)",629,
9072,SAINSBURYS THICK MILK SHAKE PASTEURISED,"Milkshake made with ice-cream, from takeaway (e.g. McDonalds)",629,
7716,"COFFEE WHITENER POWDER, FULL FAT, DRY WEIGHT",Dream topping powder (not made up),631,
645,CREAM WHIPPING FROZEN,Double cream,634,
10448,ELMLEA LIGHT DOUBLE CREAM,Double cream,634,
637,CREAM HALF UHT,"Cream, reduced fat",636,
641,CREAM STERILIZED,Single cream,638,
6828,ELMLEA LIGHT SINGLE CREAM,Single cream,638,
646,CREAM WHIPPING UHT,Whipped cream,644,
674,CHEESE LYMESWOLD,Camembert cheese,652,
654,CHEESE CHEDDAR ENGLISH,Cheddar cheese,661,
657,CHEESE CHEDDAR IRISH,Cheddar cheese,661,
660,CHEESE CHEDDAR VEGETARIAN,Cheddar cheese,661,
658,CHEESE CHEDDAR NEW ZEALAND,Cheddar cheese,661,
8218,CHEDDAR TYPE SMOKED HARD CHEESE,Cheddar cheese,661,
662,CHEESE CHESHIRE,Cheddar cheese,661,
667,CHEESE DOUBLE GLOUCESTER,Cheddar cheese,661,
8168,CHEESE FORTIFIED WITH VITAMIN D AND CALCIUM,Cheddar cheese,661,
8219,CHEESE MADE WITH SUNFLOWER OIL,Cheddar cheese,661,
682,CHEESE-SMOKED,Smoked cheese (e.g. cheddar),661,
7724,SNACK HARD CHEESE,Cheddar cheese,661,
11130,SNACK HARD CHEESE,Cheddar cheese,661,
7727,CHEESE EDAM REDUCED FAT,Edam cheese,668,
7732,PROCESSED CHEESE TYPE SLICES DAIRYLEA,Processed cheese slices (e.g. individually wrapped for melting on burgers),677,
10507,PROCESSED CHEESE SLICES/SINGLES DAIRYLEA ONLY,Processed cheese slices (e.g. individually wrapped for melting on burgers),677,
7729,PROCESSED CHEESE SLICES LOW FAT,Processed cheese slices (e.g. individually wrapped for melting on burgers),677,
10506,PROCESSED CHEESE SLICES/SINGLES FORTIFIED WITH CALCIUM NOT DAIRYLEA,Processed cheese slices (e.g. individually wrapped for melting on burgers),677,
10509,"PROCESSED CHEESE SLICES/SINGLES, LOW FAT, DAIRYLEA ONLY",Processed cheese slices (e.g. individually wrapped for melting on burgers),677,
680,CHEESE-STILTON WHITE,"Blue cheese (e.g. Stilton, Roquefort)",679,
681,CHEESE-ROQUEFORT/DOLCELATTE/GORGONZOLA,"Blue cheese (e.g. Stilton, Roquefort)",679,
673,CHEESE LANCASHIRE,Lancashire cheese,683,
686,"COTTAGE CHEESE, NOT LOW FAT, WITH ADDITIONS",Cottage cheese,687,
10962,FRUIT FLAVOURED DAIRY SNACK FORTIFIED WITH VITAMIN D,Fruit yoghurt,701,
10183,WHOLEMILK FRUIT YOGURT/YOGHURT WITH ADDED FIBRE,Fruit yoghurt,701,
10180,"YOGURTS/YOGHURTS, FRUIT WITH ADDED CREAM",Fruit yoghurt,701,
11181,KEFIR,"Kefir yoghurt, natural",702,
8488,TESCO LIGHT CHOICES NATURAL BIO YOGURT,Natural yoghurt,702,
8164,"WHOLEGRAIN YOGURT, ANY FLAVOUR",Natural yoghurt,702,
2702,"YOGURT, LOW FAT, FRENCH SET, FRUIT","Fruit yoghurt, low fat",704,
11147,"YOGURT VIRTUALLY FAT FREE, FRUIT, STRAINED WITHOUT CREAM","Fruit yoghurt, low fat",704,
8041,LOW FAT FRUIT YOGURT ADDED FIBRE (LASTING SATISFACTION),"Fruit yoghurt, low fat",704,
2730,"LOW FAT YOGURT, CONTAINING FRUIT, BENECOL ONLY","Fruit yoghurt, low fat",704,
703,YOGURT LOW FAT ANY OTHER FLAVOUR E.G. TOFFEE/VANILLA,Low fat hazelnut yoghurt,704,
706,YOGURT LOW FAT WITH MUESLI OR NUTS,"Low fat yoghurt, with muesli",704,
713,DIET LOW FAT YOGURT,"Natural yoghurt, low fat",705,
712,"YOGURT, LOW FAT, NATURAL, SWEETENED","Natural yoghurt, low fat",705,
720,"ICE CREAM, DAIRY, VANILLA, HARD, BLOCK",Soft scoop vanilla ice cream,721,
9814,ICE CREAM - HOMEMADE WITH DOUBLE CREAM,Soft scoop vanilla ice cream,721,
724,"ICE CREAM, DAIRY, FLAVOURED, HARD, BLOCK (NOT CHOCOLATE OR VANILLA)",Soft scoop vanilla ice cream,721,
3948,"EGG YOLK ONLY, FRIED IN VEGETABLE OIL","Egg, yolk, raw",753,
751,EGG WHOLE RAW,Raw egg,755,
760,EGG FRIED IN MARGARINE,"Egg, fried in butter",757,
759,EGG FRIED IN LARD,Fried egg,761,
10445,"EGGS, CHICKEN, WITH OMEGA 3",Fried egg,761,
8598,EGG POACHED IN WATER WITH ADDED FAT,Poached egg,762,
9639,OMELETTE PLAIN FRIED IN LARD,"Omelette, plain",763,
9334,OMELETTE (PLAIN) FRIED IN OLIVE OIL,"Omelette, plain",763,
771,OMELETTE CHEESE FRIED BLENDED,"Omelette, with cheese",774,
772,OMELETTE CHEESE COOKED IN BUTTER,"Omelette, with cheese",774,
815,CHEESE SOUFFLE,"Omelette, with cheese",774,
764,OMELETTE COOKED IN BUTTER,"Omelette, with cheese",774,
773,OMELETTE CHEESE FRIED MARG,"Omelette, with cheese",774,
765,OMELETTE COOKED IN MARGARINE,"Omelette, with cheese",774,
766,OMELETTE COOKED IN PUFA,"Omelette, with cheese",774,
4086,CHICKEN OMELETTE COOKED IN BLENDED VEGETABLE OIL,Omelette with meat (e.g. ham),775,
7767,EGG FU YUNG,Omelette with fish/seafood (e.g. prawn),775,
778,OMELETTE HAM FRIED IN PUFA,Omelette with meat (e.g. ham),775,
6922,POTATO AND CHEESE BAKE,Potato gratin (cheese & potato bake),802,
4378,"POTATO, CHEESE AND ONION PIE",Potato gratin (cheese & potato bake),802,
8639,POTATOES AU GRATIN MADE UP FROM DRY MIX,Potato gratin (cheese & potato bake),802,
7764,SCOTCH EGG MINI,Scotch egg (including mini/picnic size),814,
818,WELSH RAREBIT (NO TOAST),"Welsh rarebit, on white toast",817,
4104,"CHEESE AND ONION PUFFS, MADE WITH PUFF PASTRY",Cheese and onion pasty/roll (includes potato),821,
11403,WILLOW FAT BLOCK SPREAD,"Butter, salted",851,
857,GHEE MADE FROM VEG OIL,Ghee,856,
876,CHICKEN FAT,"Animal fat (e.g. beef dripping, chicken fat)",858,
855,DRIPPING BEEF FAT,"Animal fat (e.g. beef dripping, chicken fat)",858,
1038,PORK FAT AVERAGE COOKED,"Animal fat (e.g. beef dripping, chicken fat)",858,
869,SUET SHREDDED,Suet (e.g. beef),858,
868,SUET-BLOCK,Suet (e.g. beef),858,
11305,STORK WITH BUTTER SPREAD ONLY,"Hard spread/margarine (e.g. Stork, Willow)",860,
10425,GRAPESEED OIL,Grapeseed oil,870,
872,BLENDED VEGETABLE OIL CRISP 'N' DRY,Blended vegetable oil,871,
875,COMMERCIAL BLENDED OIL,Blended vegetable oil,871,
10986,GOOD OIL (HEMP SEED OIL),Linseed (flaxseed) oil,873,
9330,SOLID SUNFLOWER OIL,Sunflower oil (e.g. Flora),873,
10954,OLIVE POMACE OIL BLEND EG NATCO,Olive oil,874,
8233,BACON GAMMON JOINT SMOKED BOILED L&F,"Bacon/gammon joint, boiled (including fat)",903,
901,BACON COLLAR JOINT BOILED LEAN AND FAT,"Bacon/gammon joint, boiled (including fat)",903,
9725,BACON COLLAR JOINT ROASTED,"Bacon/gammon joint, boiled (including fat)",903,
8234,BACON JOINT SMOKED BOILED LEAN ONLY,"Bacon/gammon joint, boiled (fat removed)",904,
9754,GAMMON STEAK FRIED IN LARD,"Gammon steak, fried (fat removed)",907,
7794,GRILLSTEAKS LOW FAT GRILLED,"Gammon steak, fried (fat removed)",907,
911,BACON RASHERS MIDDLE FRIED LEAN AND FAT,"Bacon, unsmoked, fried (including fat)",909,
910,BACON RASHERS BACK FRIED LEAN AND FAT,"Bacon, unsmoked, fried (including fat)",909,
912,BACON RASHERS STREAKY FRIED LEAN AND FAT,"Bacon, unsmoked, fried (including fat)",909,
923,BACON FAT AVERAGE COOKED,"Bacon, type and cooking method unknown",914,
915,BACON RASHERS MIDDLE GRILLED LEAN & FAT,"Bacon, back/middle, unsmoked, grilled (including fat)",914,
906,BACON GAMMON RASHERS GRILLED LEAN AND FAT,"Bacon, back/middle, unsmoked, grilled (including fat)",914,
913,RASHERS ANY OTHER CUT GRILLED LEAN AND FAT,"Bacon, back/middle, unsmoked, grilled (including fat)",914,
908,RASHERS CUT UNSPEC NOT SMOKED GRILLED LEAN AND FAT,"Bacon, back/middle, unsmoked, grilled (including fat)",914,
9412,BACON RASHERS RED FAT+SALT NOT SMOKED GRILLED,"Bacon, streaky, unsmoked, grilled",916,
941,BEEF MINCED STEWED LEAN & FAT,"Minced beef, stewed",942,
11309,BEEF MINCE LEAN/LOW FAT STEWED 5% FAT ONLY,"Minced beef, stewed",942,
943,BEEF MINCED & THICK GRAVY,Minced beef in gravy,944,
945,BEEF MINCED THICK GRAVY & VEG,Minced beef in gravy,944,
947,BEEF MINCE GRAVY VEG & POTATO,Minced beef in gravy,944,
948,BEEF MINCE SKIM GRAVY VEG POTO,Minced beef in gravy,944,
9155,XTRA LEAN STEWING STEAK IN GRAVY CANNED,Minced beef in gravy,944,
964,STEW STEAK LEAN GRAVY VEG POTA,"Minced beef, stewed, with vegetables and gravy",946,
963,STEW STEAK L&F GRAVY VEG POTA,"Minced beef, stewed, with vegetables and gravy",946,
961,STEW STEAK L&F GRAVY & VEG,"Minced beef, stewed, with vegetables and gravy",946,
962,STEW STEAK LEAN GRAVY & VEG,"Minced beef, stewed, with vegetables and gravy",946,
10237,"BEEF AND MUSHROOMS, INCLUDES TAKEAWAY","Minced beef, stewed, with vegetables and gravy",946,
6626,OKRA STEW WITH LAMB,"Minced lamb, stewed, with vegetables and gravy",946,
955,BEEF SILVERSIDE SALTED BOILED LEAN ONLY,"Beef brisket/silverside, uncooked (including fat)",949,
969,BEEF TOPSIDE ROAST LEAN AND FAT,Roast beef,970,
960,BEEF STEWING STEAK STEWED LEAN AND FAT,"Stewing steak/beef steak/braising steak, stewed",971,
966,STEWING STEAK & KIDNEY STEWED,"Stewing steak/beef steak/braising steak, stewed",971,
9416,BEEF BRAISING STEAK BRAISED LEAN & FAT,"Stewing steak/beef steak/braising steak, stewed",971,
9417,BEEF BRAISING CHUCK STEAK BRAISED LEAN ONLY,"Stewing steak/beef steak/braising steak, stewed",971,
5855,BRAISED STEAK IN RED WINE,"Stewing steak/beef steak/braising steak, stewed",971,
1177,KIDNEY STEWED IN THICK GRAVY,"Veal, stewed in gravy",971,
9438,RACK OF LAMB BEST END OF NECK CROWN ROAST LEAN,Roast lamb breast/rack/crown,977,
1055,LAMB BREAST OF ROAST LEAN AND FAT,Roast lamb breast/rack/crown,977,
996,LAMB CUTLETS GRILLED LEAN ONLY,"Lamb chops/cutlet, grilled, fat not eaten",980,
990,LAMB CHOP LOIN GRILLED LEAN ONLY,"Lamb chops/cutlet, grilled, fat not eaten",980,
997,LAMB CUTLETS GRILLED LEAN ONLY WEIGHED WITH BONE,"Lamb chops/cutlet, grilled, fat not eaten",980,
981,LAMB LOIN CHOPS GRILLED LEAN ONLY WITH BONE,"Lamb chops/cutlet, grilled, fat not eaten",980,
986,LAMB CHUMP CHOPS STEAKS GRILLED LEAN ONLY NO BONE,"Lamb chops/cutlet, grilled, fat not eaten",980,
991,LAMB CHOP LOIN GRILLED LEAN ONLY WEIGHED WITH BONE,"Lamb chops/cutlet, grilled, fat not eaten",980,
987,LAMB CHUMP CHOPS STEAKS GRILLED LEAN ONLY + BONE,"Lamb chops/cutlet, grilled, fat not eaten",980,
9432,LAMB LEG CHOPS / STEAKS GRILLED / FRIED LEAN ONLY,"Lamb chops/cutlet, grilled, fat not eaten",980,
988,LAMB CHOP LOIN GRILLED LEAN AND FAT,"Lamb chop/cutlet, grilled, fat eaten",982,
9431,LAMB LEG CHOPS / STEAKS GRILLED / FRIED LEAN & FAT,"Lamb chop/cutlet, grilled, fat eaten",982,
9440,HALF SHOULDER OF LAMB BLADESIDE ROASTED LEAN+FAT,"Lamb chop/cutlet, grilled, fat eaten",982,
1002,LAMB SCRAG AND NECK STEWED LEAN AND FAT,"Lamb chop/cutlet, grilled, fat eaten",982,
985,LAMB CHUMP CHOPS STEAKS GRILLED LEAN & FAT + BONE,"Lamb chop/cutlet, grilled, fat eaten",982,
984,LAMB CHUMP CHOPS STEAKS GRILLED LEAN & FAT NO BONE,"Lamb chop/cutlet, grilled, fat eaten",982,
994,LAMB CUTLETS GRILLED LEAN AND FAT,"Lamb chop/cutlet, grilled, fat eaten",982,
995,LAMB CUTLETS GRILLED LEAN AND FAT WEIGHED WITH BONE,"Lamb chop/cutlet, grilled, fat eaten",982,
983,LAMB LOIN CHOPS GRILLED/FRIED LEAN & FAT WITH BONE,"Lamb chop/cutlet, grilled, fat eaten",982,
9435,LAMB NECK FILLET GRILLED LEAN AND FAT,"Lamb chop/cutlet, grilled, fat eaten",982,
1008,LAMB SHOULDER WHOLE ROAST LEAN AND FAT,Roast lamb,1000,
9434,LAMB LOIN JOINT ROAST LEAN ONLY,Roast lamb,1000,
9429,LAMB HALF LEG KNUCKLE / SHANK END ROAST LEAN & FAT,"Roast lamb, leg",1000,
999,LAMB LEG WHOLE ROAST LEAN AND FAT,"Roast lamb, leg",1000,
9430,LAMB HALF LEG FILLET END ROASTED LEAN & FAT,"Leg of lamb, uncooked (including fat)",1001,
9433,LAMB LOIN JOINT ROAST LEAN+FAT,"Leg of lamb, uncooked (including fat)",1001,
1238,IRISH STEW CANNED,Irish stew,1005,
9547,LAMB SHISH KEBAB FRIED IN VEGETABLE OIL,Lamb kebab (meat only),1009,
9439,HALF SHOULDER OF LAMB KNUCKLE END ROASTED LEAN+FAT,"Roast lamb, shoulder",1009,
1028,PORK LOIN CHOP WITH KIDNEY GRILLED LEAN NO BONE,"Pork chop/loin, grilled, fat not eaten",1024,
1025,PORK LOIN CHOPS STEAKS GRILLED LEAN ONLY WITH BONE,"Pork chop/loin, grilled, fat not eaten",1024,
9454,PORK CHUMP CHOPS STEAKS GRILLED LEAN ONLY NO BONE,"Pork chop/loin, grilled, fat not eaten",1024,
9458,PORK LEG STEAKS CHOPS GRILLED LEAN ONLY NO BONE,"Pork chop/loin, grilled, fat not eaten",1024,
1027,PORK LOIN CHOPS STEAKS GRILLED LEAN & FAT + BONE,"Pork chop/loin, grilled, fat eaten",1026,
9452,PORK CHUMP CHOPS STEAK GRILLED LEAN+FAT NO BONE,"Pork chop/loin, grilled, fat eaten",1026,
1246,VEAL JELLIED CANNED,"Veal cutlet, uncooked",1044,
1086,TAKEAWAY CHICKEN PIECES BATTERED DEEP FRIED EG KFC (BONE WEIGHED),"Chicken portion, coated in batter, deep fried, with bone (e.g. KFC)",1087,
8257,CHICKEN FINGERS COATED FRIED IN P/S OIL,"Chicken portion, coated in batter, deep fried, with bone (e.g. KFC)",1087,
1096,CHICKEN GIBLETS COOKED,Roast chicken (skin eaten),1089,
1112,CHICKEN BURGERS FRIED IN P/S OIL,"Chicken burger, breaded/coated, fried (no bun)",1109,
10304,"BIRDS EYE CHICKEN AND SWEETCORN JUNGLE SHAPES, OVEN BAKED","Chicken nuggets/pieces, from takeaway e.g McNuggets",1115,
9358,ROAST TURKEY PLATTER READY MEAL WITH POTATOES VEG STUFFING,"Roast chicken/turkey dinner, ready meal",1116,
8040,ROAST CHICKEN WITH POTATOES AND VEGETABLES PURCHASED ONLY,"Roast chicken/turkey dinner, ready meal",1116,
2714,CHICKEN ARRABIATA READY MEAL,"Roast chicken/turkey dinner, ready meal",1116,
9864,CHICKEN AND VEGETABLE PIE ONE CRUST,"Chicken and vegetable pie, slice from a large pie",1119,
1117,CHICKEN  ROAST IN GRAVY FROZEN,"Chicken pie, gravy based, slice from a large pie",1119,
3225,"CHICKEN, BACON, MUSHROOM & CREAM PIE","Chicken and vegetable pie, slice from a large pie",1119,
1118,CHICKEN PIE PASTRY TOP,"Chicken and vegetable pie, slice from a large pie",1119,
9531,CHICKEN AND BROCOLLI CRISPBAKES,"Chicken pie, individual (including bacon and vegetable varieties)",1120,
1124,TANDOORI CHICKEN WITH BONES (NOT WEIGHED) NO RICE,Tandoori chicken,1123,
1262,MEAT PASTE NOT CANNED,"Meat sandwich paste (e.g. chicken, beef)",1125,
1261,MEAT PASTE CANNED,"Meat sandwich paste (e.g. chicken, beef)",1125,
1168,CHICKEN SPREAD CHICKEN PASTE CANNED,"Meat sandwich paste (e.g. chicken, beef)",1125,
9405,DUCK BRAISED MEAT ONLY,Roast duck (skin not eaten),1129,
9406,PHEASANT STEWED MEAT ONLY NO BONES,Roast/stewed pheasant,1139,
1141,PIGEON ROAST MEAT,Roast/stewed pheasant,1139,
1149,TURKEY ROAST DARK MEAT,Roast turkey (skin eaten),1146,
1148,TURKEY ROAST LIGHT MEAT,Roast turkey (skin eaten),1146,
5297,TURKEY ROAST LIGHT & DARK MEAT & SKIN NO BONES,Roast turkey (skin eaten),1146,
1147,TURKEY ROAST LIGHT AND DARK MEAT,Roast turkey (skin eaten),1146,
5298,TURKEY DRUM ROAST MEAT & SKIN NO BONES,Roast/grilled turkey drumstick/wing,1146,
7788,SAUSAGES PORK AND BEEF FRIED,"Chicken/turkey sausage, fried",1157,
1163,RABBIT STEWED MEAT ONLY,Roast/stewed rabbit,1162,
1178,KIDNEY PIGS FRIED OR GRILLED,"Kidney, fried or grilled",1176,
1190,LIVER CHICKEN STEWED THICK GRV,Chicken liver,1189,
1192,LIVER LAMB COATED FRY BLENDED,"Lambs liver, fried",1191,
1195,LIVER LAMB COATED FRY IN PUFA,"Lambs liver, fried",1191,
2656,LAMBS LIVER WITH LOSSES,"Lambs liver, fried",1191,
1227,BIRDS EYE LIVER & ONION GRAVY,"Lambs liver, stewed in gravy",1196,
8771,PIGS LIVER BRAISED IN ONION GRAVY,"Lambs liver, stewed in gravy",1196,
1232,BEEF MINCED PIE FILLING CANNED,"Beef pie filling, canned",1233,
1234,BEEF STEWING REFORMED PIE FILLING CANNED,"Beef pie filling, canned",1233,
1338,LUNCHEON MEAT NOT CANNED,"Luncheon meat, not canned",1237,
8694,TURKEY AND PORK LUNCHEON MEAT EG. SAINSBURYS BILLY BEAR,"Luncheon meat, not canned",1237,
1239,LUNCHEON MEAT PORK CANNED,"Luncheon meat/chopped pork, canned (e.g. spam)",1237,
5623,SPAM FRITTERS,"Luncheon meat/chopped pork, canned (e.g. spam)",1237,
5413,BAKED BEANS WITH SAUSAGE BACON EGG & MUSHROOMS,Baked beans and sausages,1240,
7839,BAKED BEANS LOW FAT SAUSAGE,Baked beans and sausages,1240,
10352,BAKED BEANS AND SAUSAGES WITH ADDED OMEGA 3 FROM FISH OILS,Baked beans and sausages,1240,
1247,BLACK PUDDING BOILED,Black pudding,1248,
10542,LAVERBREAD,Black pudding,1248,
3819,BLACK PUDDING IN BATTER TAKEAWAY,Black pudding,1248,
10347,WEIGHT WATCHERS SAUSAGES IN CIDER GRAVY WITH VEGETABLE MASH READY MEAL,Faggots in gravy (e.g. Mr Brains),1250,
1252,HAGGIS BATTERED FRIED COMM OIL,Haggis,1251,
9719,DUCK AND ORANGE PATE PURCHASED EG SAINSBURYS,Pate (e.g. brussels liver pate / duck and orange pate),1258,
1256,LIVER PATE CANNED,Pate (e.g. brussels liver pate / duck and orange pate),1258,
1257,LIVER PATE DELI,Pate (e.g. brussels liver pate / duck and orange pate),1258,
1266,BEEFBURGERS 100% FRIED,"Beef burger, fried (no bun)",1268,
1270,BEEFBURGER HAMBURG ECONOMY FRIED NOT CANNED OR LO,"Beef burger, fried (no bun)",1268,
1316,BEEFBURGER BATTER FRY COMM OIL,"Beef burger, fried (no bun)",1268,
10749,PORK AND CHICKEN HOTDOGS WITH VEGETABLES CANNED,"Hot dog/frankfurter, pork",1271,
5308,FRANKFURTER IN A BUN WITH KETCHUP ONIONS & MUST,"Hot dog/frankfurter, pork",1271,
1272,FRANKFURTER CANNED,"Hot dog/frankfurter, pork",1271,
1290,SAVELOY,"Hot dog/frankfurter, pork",1271,
7791,SAUSAGES BEEF SKINLESS GRILLED,"Beef Sausage, grilled",1277,
7793,"SAUSAGES, PREMIUM PORK, GRILLED","Beef Sausage, grilled",1277,
8269,PORK SAUSAGE SMOKED GRILLED,"Beef Sausage, grilled",1277,
8268,PORK SAUSAGE SMOKED FRIED,"Sausage, fried",1279,
11404,SAUSAGE PORK FRIED IN RAPESEED OIL,"Sausage, fried",1279,
1276,SAUSAGES BEEF FRIED,"Sausage, fried",1279,
7790,SAUSAGES BEEF SKINLESS FRIED,"Sausage, fried",1279,
7784,SAUSAGES ECONOMY FRIED,"Sausage, fried",1279,
7786,SAUSAGES PORK SKINLESS FRIED,"Sausage, fried",1279,
3784,"PORK SAUSAGES, VERY LOW FAT, GRILLED","Pork Sausage, reduced fat",1283,
1284,SAUSAGE IN BATTER FRY BLENDED,"Sausage in batter, fried",1288,
4008,"PORK SAUSAGEMEAT, COATED IN BREADCRUMBS, GRILLED OR OVEN BAKED, E.G. 'WALLS BALLS'","Sausage in batter, fried",1288,
6243,SAUSAGES IN BATTER GRILLED EG WALLS WALL BANGER,"Sausage in batter, fried",1288,
1300,MINCED BEEF PIE PURCHASED,Minced beef pie (including beef and potato),1292,
1294,BEEF & POTATO PIE 2 CRUSTS,Minced beef pie (including beef and potato),1292,
8959,BEEF & VEG PIE WITH GRAVY PUFF PASTRY 1 CRUST,Minced beef pie (including beef and potato),1292,
1293,BEEF AND POTATO PIE,Minced beef pie (including beef and potato),1292,
4261,MINCED BEEF AND POTATO PIE WITH PUFF PASTRY,Minced beef pie (including beef and potato),1292,
10289,BEEF AND PORK PIE IN SHORTCRUST PASTRY RETAIL,Minced beef pie (including beef and potato),1292,
1302,MINCED BEEF PIE TOP PASTRY,Minced beef pie (including beef and potato),1292,
1301,MINCED BEEF PIE PASTRY TOP & BOTTOM,Minced beef pie (including beef and potato),1292,
8855,MINCED BEEF CRISPBAKES OVEN BAKED PURCHASED,Minced beef pie (including beef and potato),1292,
4004,"MINCE AND ONION PIE CANNED, E.G. FRAY BENTOS",Minced beef pie (including beef and potato),1292,
9566,MINCED BEEF & VEGE (POT PEAS CARROTS) READY MEAL,Minced beef pie (including beef and potato),1292,
355,MINCEMEAT TART TWO CRUST,Minced beef pie (including beef and potato),1292,
1295,CORNISH PASTIE HOMEMADE,Cornish pasty (including beef and vegetable),1299,
3860,CORNISH PASTY REDUCED FAT EG SAINSBURYS BE GOOD TO YOURSELF,Cornish pasty (including beef and vegetable),1299,
1303,PORK AND EGG PIE,Bacon and egg pie,1304,
10264,CHICKEN AND BACON PIES PURCHASED,Bacon and egg pie,1304,
7796,PORK PIE BUFFET,Pork pie,1304,
1305,PORK PIE SLICED,Pork pie,1304,
5561,STOVIES( PORK & POTATO FRIED IN VEG OIL,Pork pie,1304,
10644,"BABY MEALS WITH BEEF, STAGE 2","Roast beef  dinner, ready meal",1320,
1321,ROAST BEEF IN GRAVY PURCHASED READY MEAL,"Roast beef  dinner, ready meal",1320,
5917,LAMB CURRY MINCED LMB WITH ONIONS TOM PUREE & CHI,"Lamb dhansak, curry",1328,
1336,HAMBURGER QUARTER POUNDER TAKEAWAY,"Beef burger/hamburger (including gourmet), in a bun, quarter pounder (restaurant/pub)",1330,
9463,PORK SPARE RIBS BELLY GRILLED LEAN & FAT,Pork spare ribs in Barbecue sauce,1331,
3181,PORK STEAKS OR SHANK WITH HONEY & MUSTARD SAUCE PURCHASED,Pork spare ribs in Barbecue sauce,1331,
1355,"SPARE RIBS, BARBECUE STYLE, EG TAKEAWAY, WITH BONES",Pork spare ribs in Barbecue sauce,1331,
1235,CORNED BEEF,"Corned beef, canned",1341,
6574,CORNED BEEF CRISPBAKE RETAIL EG. M&S,"Corned beef , not canned",1341,
10721,"COW AND GATE TODDLER MEALS STAGE 3 (10MTH) WITH BEEF, FORTIFIED","Beef lasagne, toddler meal (e.g. Little Dish, Hipp Organic)",1347,
10671,TODDLER READY MEALS STAGE 4+,"Beef lasagne, toddler meal (e.g. Little Dish, Hipp Organic)",1347,
5435,LASAGNE MADE WITH MINCED BEEF PACKET LASAGNE PA,"Beef lasagne, homemade",1348,
9096,LASAGNE MADE WITH LEAN MINCE,"Beef lasagne, homemade",1348,
7778,CHICKEN LASAGNE CODE 7778,Lamb lasagne,1348,
8620,LASAGNE MADE WITH EXTRA LEAN MINCE,"Beef lasagne, homemade",1348,
5844,LASAGNE MADE WITH MINCED LAMB,Lamb lasagne,1348,
5249,LASAGNE MADE WITH PORK,Pork lasagne,1348,
7601,"PASTA, LASAGNE, WHITE, BOILED","Beef lasagne, homemade",1348,
1260,MEAT LOAF DELICATESSEN,Meatloaf,1349,
9763,SWEET AND SOUR PORK FROZEN READY MEAL NO RICE,"Roast pork dinner, ready meal",1352,
8249,PORK ROAST ROLL COOKED BERNARD MATTHEWS,"Roast pork dinner, ready meal",1352,
5842,BEEF POTATO PIE WITH CARROTS ONIONS S/C PASTRY,"Cottage pie (beef), ready meal",1356,
8759,MINCE PIE 2 CRUSTS S/C PASTRY MADE ALL MARG,"Cottage pie (beef), ready meal",1356,
10400,CUMBERLAND PIES PURCHASED,"Cottage pie (beef), ready meal",1356,
8359,TODDLERS SAVOURY MEALS,"Cottage pie, toddler meal (e.g. Heinz, Little Dish)",1356,
3835,"COTTAGE PIE WITH LEAN MINCED BEEF, POTATOES AND BUTTER","Cottage pie (beef), home made",1357,
4031,COTTAGE PIE WITH INSTANT MASHED POTATO,"Cottage pie (beef), home made",1357,
5460,SHEPHERDS PIE MADE WITH MINCE BEEF MUSHROOM & ONI,"Cottage pie (beef), home made",1357,
9347,SHEPHERDS PIE MADE WITH LEAN MINCE,"Cottage pie (beef), home made",1357,
1365,SHEPHERDS PIE MADE WITH BUTTER/MARG IN POTATO,"Cottage pie (beef), home made",1357,
6009,PORK MEATBALLS HOMEMADE,Battered pork balls (with or without sauce),1358,
6168,PORK MEATBALLS IN TOMATO SAUCE,Battered pork balls (with or without sauce),1358,
6751,ORIENTAL CHICKEN WITH NOODLES AND VEGETABLES,"Chicken chow mein, stir fry (with noodles), takeaway",1367,
5128,CHICKEN/TURKEY MEAT & SKIN GRILLED,Roast/grilled chicken leg (skin eaten),1374,
1093,CHICKEN ROAST LEG QUARTER MEAT + SKIN + BONE,Roast/grilled chicken leg (skin eaten),1374,
9534,CHICKEN LEG WITH SKIN NO BONES FRIED IN BUTTER,Roast/grilled chicken leg (skin eaten),1374,
1065,CHICKEN BARBECUED MEAT AND SKIN NO BONE,Roast/grilled chicken leg (skin eaten),1374,
1375,CHICKEN LEG QUARTER STEWED MEAT AND SKIN NO BONES,Roast/grilled chicken leg (skin eaten),1374,
5301,TURKEY LEG THIGH MEAT ONLY NO SKIN CASS,Roast/grilled chicken leg (skin not eaten),1374,
1153,TURKEY BURGER FRIED BLENDED,"Turkey burger, uncooked",1380,
1242,STEAK AND KIDNEY PUDDING CANNED,Steak and kidney pudding,1381,
1408,COD HADDOCK FRY LARD NOCOATING,"Cod/haddock fillet, fried",1405,
1410,COD FRIED IN PUFA NO COATING,"Cod/haddock fillet, fried",1405,
7806,HADDOCK NO COATING FRIED IN PUFA,"Cod/haddock fillet, fried",1405,
7801,HADDOCK NO COATING FRIED IN BLENDED VEG OIL,"Cod/haddock fillet, fried",1405,
1416,COD IN BREADCRUMBS FRY BLENDED,"Cod in batter/breadcrumb, fried",1411,
1419,COD IN BREADCRUMBS FRIED PUFA,"Cod in batter/breadcrumb, fried",1411,
9254,COD COATED BREADCRUMBS FROZEN FRIED BLENDED VEG OI,"Cod in batter/breadcrumb, fried",1411,
1414,COD IN BATTER FRIED PUFA OIL,"Cod in batter/breadcrumb, fried",1411,
1640,ROE COD HARD BATTER FRY COMM,"Cod in batter/breadcrumb, fried",1411,
8599,COD COATED IN FLOUR FRIED BLENDED VEG OIL,"Cod in batter/breadcrumb, fried",1411,
9613,COD COATED IN FLOUR FRIED IN OLIVE OIL,"Cod in batter/breadcrumb, fried",1411,
1412,COD IN BATTER FRY IN DRIPPING,"Cod in batter/breadcrumb, fried",1411,
9526,COD/HADDOCK IN BATTER FRIED IN PALM OIL TK/AWAY,"Cod in batter/breadcrumb, fried",1411,
1424,COD SMOKED STEAMED,Cod/haddock steamed,1420,
2614,COD HADDOCK WITH LOSSES,Cod/haddock steamed,1420,
11000,"COD, MICROWAVED, FLESH ONLY",Cod/haddock steamed,1420,
7817,HADDOCK STEAMED NO BUTTER,Cod/haddock steamed,1420,
1913,SEAKALE BOILED,"Salted cod, boiled",1446,
1462,PLAICE STEAMED,"Halibut, steamed",1448,
1485,EEL JELLIED,Eel,1484,
1217,TRIPE DRESSED,Eel,1484,
1504,KIPPER NO BONES BAKED BUTTER,Kipper,1502,
7825,KIPPER BOIL IN BAG BOILED,Kipper,1502,
1516,MACKEREL UNSMOKED CANNED FISH AND OIL,"Mackerel fillet, in oil, canned",1515,
8270,MACKEREL SMOKED CANNED IN OIL FISH ONLY,"Mackerel fillet, in oil, canned",1515,
8745,SMOKED MACKEREL FILLETS CANNED IN BRINE,"Mackerel fillet, in brine, canned",1517,
3847,"MACKEREL CANNED IN MUSTARD SAUCE, FISH AND SAUCE","Mackerel fillet, in a tomato sauce, canned",1518,
8272,TROUT SMOKED BAKED ETC NO BONES,"Salmon, steamed",1520,
1524,SARDINES CANNED IN OIL FISH AND OIL,"Sardine fillet, in oil, canned",1523,
1529,SPRATS FRIED IN PUFA OIL,"Sprats, coated, fried",1526,
11004,"TROUT, RAINBOW, BAKED","Trout, rainbow/brown",1530,
10222,TUNA CANNED IN OLIVE OIL FISH ONLY,"Tuna, in oil, canned",1533,
1532,TUNA IN OIL FISH AND OIL,"Tuna, in oil, canned",1533,
1464,PLAICE IN BATTER FRIED BLENDED,"Skate in batter, fried",1556,
1563,CRAB CANNED,"Crab, canned",1561,
8274,MUSSELS NOT CANNED NO SHELLS,"Mussels, uncooked",1571,
7830,MUSSELLS CANNED BOTTLED NO SHELLS,"Mussels, uncooked",1571,
1578,SHRIMPS BOILED FLESH ONLY,"Prawns/shrimps, boiled",1573,
1577,SHRIMPS POTTED IN BUTTER,"Prawns/shrimps, boiled",1573,
1575,PRAWNS CANNED DRAINED,"Prawns/shrimps, boiled",1573,
1587,SQUID DRIED,"Squid, uncooked",1585,
1564,COCKLES BOILED WITHOUT SHELLS,"Winkles, boiled",1590,
1605,FISH PIE 1 CRUST FLAKY PASTRY,"Fisherman's pie, home made",1604,
8956,FISH CAKES IN BATTER GRILLED NO ADDED FAT,"Fishcakes coated in breadcrumb/batter, grilled or oven baked",1606,
10699,COW AND GATE FISH BASED MEALS STAGE 3,"Fish shapes, white fish in breadcrumbs, fried (e.g. Young's flipper dippers)",1607,
1611,FISHCAKES BATTER FRY BLENDED,"Fishcakes coated in breadcrumb/batter, fried",1607,
9261,WHITING BREADCRUMBS FRIED BLEND VEG OIL NO BONES,"Fish shapes, white fish in breadcrumbs, fried (e.g. Young's flipper dippers)",1607,
1636,FISHCAKE BATTER FRY COMM OIL,"Fishcakes coated in breadcrumb/batter, fried",1607,
1648,FISHCAKES FROZEN,"Fishcakes coated in breadcrumb/batter, fried",1607,
10535,BIRDS EYE SEASIDE SHAPES,"Fish shapes, white fish in breadcrumbs, fried (e.g. Young's flipper dippers)",1607,
1615,FISH FINGERS GRILLED,"Fish fingers, fried",1616,
1619,FISH FINGERS FRIED IN PUFA OIL,"Fish fingers, fried",1616,
8751,FISH FINGERS NOT ECONOMY FRIED IN OLIVE OIL,"Fish fingers, fried",1616,
7833,FISH FINGERS ECONOMY BATTER/BREADCRUMB VEG OIL,"Fish fingers, fried",1616,
9003,FISH FINGERS COATED BATTER/BREADCRUMBS FRIED CCF,"Fish fingers, fried",1616,
7836,FISH FINGERS ECONOMY BATTER/BREADCRUMB PUFA,"Fish fingers, fried",1616,
1543,DOGFISH BATTERED NO BONES FRIED COMMERCIAL OIL,"Fish fingers, fried",1616,
1457,SOLE IN CRUMBS FRIED BLENDED,"Fish fingers, fried",1616,
9574,COD IN BREADCRUMBS GRILLED / OVEN BAKED,"Cod in batter/breadcrumb, grilled or oven baked",1637,
1601,WHITE FISH IN CHEESE SAUCE,White fish in a cheese sauce (with or without vegetables),1638,
6201,PRAWN STIR-FRY IN OYSTER SAUCE,"Prawn chow mein, stir fry (with noodles)",1642,
1654,ARTICHOKE JERUSALEM BOILED,"Artichoke, cooked",1652,
1653,ARTICHOKE GLOBE BOILED WEIGHT AS SERVED,"Artichoke, cooked",1652,
1655,"ASPARAGUS SOFT TIPS, BOILED IN SALTED WATER","Asparagus, cooked",1656,
1659,AUBERGINE FRIED IN BLENDED OIL,"Aubergine, fried",1660,
3166,AUBERGINE FRIED IN OLIVE OIL,"Aubergine, fried",1660,
10253,HEINZ HIDDEN VEG BEANS,Baked beans,1662,
1676,"RED KIDNEY BEANS, CANNED,  BOILED, DRAINED WEIGHT",Kidney beans,1677,
1683,RUNNER BEANS FROZEN BOILED,"Runner beans, cooked",1681,
8369,SOYA BEAN CURD / TOFU SMOKED,Tofu,1686,
4731,BEANSPROUTS-COOKED,"Beansprouts, cooked",1689,
7842,BROCCOLI-SPROUTING RAW,"Broccoli, raw",1692,
1697,BRUSSELS SPROUTS-CANNED DRAINED WEIGHT,"Brussels sprouts, cooked",1696,
9821,BUBBLE AND SQUEAK FRIED IN PUFA,Bubble and squeak,1699,
1703,CABBAGE - SAVOY FRESH RAW,"Red cabbage, raw",1700,
7847,CABBAGE-SUMMER FRESH BOILED,"Spring greens (cabbage), cooked",1705,
11343,CARROTS YOUNG FRESH RAW PUREED,"Carrots, raw",1710,
11111,"CARROTS, OLD, BOILED","Baby carrots, cooked",1711,
11112,CARROTS OLD FRESH MICROWAVED/STEAMED,"Carrots, cooked",1711,
1713,"CARROTS, YOUNG, FRESH, BOILED","Carrots, cooked",1711,
1720,CAULIFLOWER-FROZEN BOILED,"Cauliflower, cooked",1719,
10420,CELERIAC RAW,"Celery, raw",1725,
1727,CELERY-CANNED DRAINED,"Celery, raw",1725,
1753,KOHL RABI RAW,"Celery, raw",1725,
8079,COLESLAW PURCHASED NOT LOW CALORIE,Coleslaw,1731,
10565,"COLESLAW, PURCHASED, VALUE TYPE PRODUCTS ONLY",Coleslaw,1731,
8282,COLESLAW LOW CALORIE PURCHAED,"Coleslaw, low calorie",1732,
1730,CHO CHO-FRESH RAW,"Courgette (zucchini), raw",1733,
6647,TOMATO SAUCE WITH COURGETTES AND NO OIL,"Courgette (zucchini) spaghetti, no oil",1734,
1738,COURGETTES SAUTEED BLENDED OIL,"Courgette (zucchini), fried",1737,
9340,GARLIC CAPSULES ANY STRENGTH,Garlic,1743,
3790,GINGER EXTRACT TABLET E.G. HEALTHCARE,"Root ginger/lemongrass, fresh",1744,
9226,GINGER ROOT (FRESH),"Root ginger/lemongrass, fresh",1744,
3547,WHEATGRASS JUICE,"Root ginger/lemongrass, fresh",1744,
6058,BROWN LENTILS BOILED IN SALTED WATER,Lentils,1758,
11381,"BROWN LENTILS BOILED, PUREED",Lentils,1758,
1759,CURRY LENTIL RED WITH BUTTER,"Lentil curry, with tomatoes",1761,
7854,LETTUCE-COS-RAW,Lettuce,1762,
7856,LETTUCE-WEBB,Lettuce,1762,
7855,LETTUCE-ICEBERG RAW,Lettuce,1762,
7853,LETTUCE-BUTTERHEAD-RAW,Lettuce,1762,
8377,STIR FRY VEGETABLES PURCHASED FROZEN BOILED,"Mixed vegetables, cooked from frozen",1771,
8391,STIR FRIED VEGETABLES PURCHASED FROZEN FRIED IN POLYUNSATURE,"Mixed vegetables, cooked from frozen",1771,
1770,MIXED VEGETABLES CANNED DRAINED,"Mixed vegetables, cooked from frozen",1771,
1774,MUSHROOMS FRIED IN MARG,"Mushrooms, fried in butter",1773,
1778,MUSHROOMS FRIED IN LARD,"Mushrooms, fried",1775,
1780,MUSHROOMS CHINESE DRIED,"Chinese mushrooms, dried",1779,
1791,ONION FRIED IN LARD,"Onions, fried",1789,
1788,ONION FRIED IN MARG(NOT PUFA),"Onions, fried",1789,
1787,ONION FRIED IN BUTTER,"Onions, fried",1789,
8898,ONION WITH FRYING LOSSES,"Onions, fried",1789,
8635,BREADED ONION RINGS FRIED IN BLENDED VEG OIL,"Onion rings (in breadcrumbs/batter), fried",1793,
1796,ONION RING(FROZ) FRIED IN PUFA,"Onion rings (in breadcrumbs/batter), fried",1793,
9792,PARSNIPS ROASTED IN BUTTER,"Parsnip, roasted",1804,
1803,PARSNIP ROAST IN LARD,"Parsnip, roasted",1804,
1805,PARSNIP ROAST IN PUFA OIL,"Parsnip, roasted",1804,
1826,PEPPERS FROZEN BOILED,"Chilli peppers, cooked (including jalapenos, chipotle)",1825,
1827,POTATOES OLD RAW FLESH ONLY,"Potato, raw",1828,
7009,BOILED OR MASHED NEW POTATOES WITH BUTTER,"Mashed potato, with butter",1831,
10410,MASHED POTATO PURCHASED MADE WITH WHOLE MILK AND BUTTER,"Mashed potato, with butter",1831,
8119,MASHED POTATO WITH CHEDDAR CHEESE PURCHASED,"Mashed potato, with butter",1831,
1834,POTATOES OLD BAKED FLESH & SKIN,"New potatoes, skin eaten, baked",1837,
11123,"POTATOES, OLD, WEDGES WITH SKIN, HOMEMADE, OVEN BAKED WITH BLENDED VEGETABLE OIL","New potatoes, skin eaten, baked",1837,
11118,POTATOES OLD MICROWAVED FLESH AND SKIN,"New potatoes, skin eaten, baked",1837,
1839,POTATO NEW BAKED WEIGHED WITH SKIN,"New potatoes, skin eaten, baked",1837,
1835,POTATOES OLD BAKED FLESH ONLY,"New potatoes, without skin, baked",1838,
11120,POTATOES OLD MICROWAVED FLESH ONLY,"New potatoes, without skin, baked",1838,
3929,"ROAST OLD POTATOES, IN REDUCED FAT SPREAD OR OIL, NOT PUFA",Roast potatoes,1841,
5194,ROASTED POTATOES IN WHITE FLORA,Roast potatoes,1841,
8785,POTATOES NEW ROAST IN BUTTER,Roast new potatoes,1845,
1847,POTATO NEW ROAST (IN LARD),Roast new potatoes,1845,
1846,POTATO NEW ROAST (IN DRIPPING,Roast new potatoes,1845,
1848,POTATO NEW ROAST (IN PUFA),Roast new potatoes,1845,
9789,OLD POTATOES ROASTED IN BUTTER,Roast new potatoes,1845,
9320,CHIPS OLD POTATOES FRIED IN COMPOUND COOKING FAT,"Chips, fried",1849,
1873,CHIP FROZEN STRAIGHT CUT DRIPPING,"Chips, fried in animal fat (e.g. lard, dripping)",1851,
1870,CHIP FROZEN THICK CUT FRIED LARD,"Chips, fried in animal fat (e.g. lard, dripping)",1851,
1860,CHIPS FROZEN CRINKLE IN DRIPPING,"Chips, fried in animal fat (e.g. lard, dripping)",1851,
1861,CHIPS FROZEN CRINKLE IN LARD,"Chips, fried in animal fat (e.g. lard, dripping)",1851,
1850,CHIPS OLD POTATOES FRESH FRIED IN DRIPPING,"Chips, fried in animal fat (e.g. lard, dripping)",1851,
1874,CHIPS FROZEN STRAIGHT CUT FRIED IN LARD,"Chips, fried in animal fat (e.g. lard, dripping)",1851,
1856,CHIPS NEW POT FRIED IN LARD,"Chips, fried in animal fat (e.g. lard, dripping)",1851,
8891,CHIPS STRAIGHT CUT FROZEN FRIED IN CCF,"Chips, french fries/fine cut, fried (from frozen)",1872,
6062,POTATO HASH POTATOES & EGG,"Hash browns, fried",1879,
8295,POTATO CRUNCHIES EG ROSS,"Potato shapes (e.g. Alphabites, Smilies), fried",1879,
9345,POTATO WAFFLES FRIED IN OLIVE OIL,"Potato waffles, fried",1879,
1887,POT SLICES BATTERED (IN PUFA),"Potato fritters, fried",1879,
6386,POTATO WAFFLES/HASHBROWNS/ALPHABITES IN RAPESEED,"Hash browns, fried",1879,
1927,SWEETCORN FRITTERS FRIED BLEND,"Potato fritters, fried",1879,
1892,POTS NEW SAUTEED IN BLENDED,Sauteed potatoes,1888,
8493,INSTANT POTATO POWDER MADE WITH SEMI SKIMMED MILK,"Instant potato (e.g. Smash), made up with milk",1899,
1898,POTATOES INSTANT RECON MILK&WATER,"Instant potato (e.g. Smash), made up with milk",1899,
8494,INSTANT POTATO POWDER MADE WITH SKIMMED MILK,"Instant potato (e.g. Smash), made up with milk",1899,
1906,POTATO SALAD CANNED IN SALAD CREAM OR MAYONNAISE,"Potato salad, with an oil-based/French type dressing",1907,
1910,RADISH-WHITE MOOLI-RAW,Radish (including mooli),1909,
1752,HORSE RADISH RAW,Radish (including mooli),1909,
30023,SPINACH FRESH BOILED (PUREED),"Spinach, cooked",1915,
8790,SPINACH BHAJI,Spinach curry (e.g. saag bhaji),1917,
9868,VEGETABLE  CASSEROLE WITH DUMPLINGS READY MEAL,Vegetable Dim Sum (Chinese dumplings),1919,
1922,SWEETCORN ON THE COB BOILED (LEFTOVER COB NOT WEIGHED),Corn on the cob (sweetcorn / sweet corn),1923,
1938,TOMATO FRIED IN LARD,"Tomato, fried in animal fat (e.g. lard, dripping)",1933,
1934,TOMATO FRIED IN DRIPPING,"Tomato, fried in animal fat (e.g. lard, dripping)",1933,
1936,TOMATO FRIED IN MARG(NOT PUFA),"Tomato, fried in butter",1933,
5868,VEGETABLE CURRY WITH POTATOES ONIONS CARROTS PEAS,Vegetable curry,1943,
8286,VEGETABLE CURRY WITH RICE READY MEAL COOKED,Vegetable curry,1943,
7216,POTATO AND ONION CURRY PURCHASED,Vegetable curry,1943,
5825,TOMATO CURRY FRESH TOMATOES ONIONS AND SUNFLOWER O,Vegetable curry,1943,
11386,"APPLES EATING RAW, PUREED, FLESH ONLY","Apple, skin not eaten",1951,
1954,APPLES COOKING BAKED WITHOUT SUGAR FLESH & SKIN ONLY,"Apple, skin not eaten",1951,
2012,CUSTARD APPLES RAW,"Cooking apple, raw",1953,
10603,APPLE DESSERT/EATING STEWED WITH NO ADDED SUGAR,"Stewed apple, no added sugar",1958,
1962,APPLES DRIED STEWED WITHOUT SUGAR FLESH & JUICE,"Stewed apple, no added sugar",1958,
1955,APPLES COOKING BAKED WITHOUT SUGAR FLESH ONLY,"Stewed apple, no added sugar",1958,
1956,APPLES COOKING BAKED WITH SUGAR FLESH & SKIN ONLY,"Stewed apple, with sugar",1959,
1957,APPLES COOKING BAKED WITH SUGAR FLESH ONLY,"Stewed apple, with sugar",1959,
1961,APPLES DRIED STEWED WITH SUGAR,"Stewed apple, with sugar",1959,
1967,APRICOTS FRESH STEWED WITH SUGAR NO STONES,"Apricots, stewed",1971,
1965,APRICOTS FRESH STEWED WITHOUT SUGAR NO STONES,"Apricots, stewed",1971,
1972,"APRICOTS CANNED IN SYRUP, FRUIT & SYRUP","Apricots, canned in syrup",1973,
1975,APRICOTS CANNED IN FRUIT JUICE FRUIT ONLY,"Apricots, canned in juice",1974,
1987,BLACKBERRIES STEWED WITH SUGAR FRUIT AND JUICE,"Blackberries, stewed",1986,
1997,CHERRIES COOKING STEWED WITH SUGAR NO STONES,"Cherries, stewed",1995,
2053,GREENGAGES STEWED WITHOUT SUGAR FRUIT & JUICE NO STONES,"Cherries, stewed",1995,
10943,BLUEBERRIES STEWED WITHOUT SUGAR,"Cherries, stewed",1995,
2628,CHERRIES CANNED IN FRUIT JUICE FRUIT ONLY WITH OR WITHOUT ST,"Cherries, canned in juice",1999,
2070,LONGAN CANNED IN SYRUP FRUIT & SYRUP,"Cherries, canned in syrup",1999,
2003,BLACKCURRANTS STEWED WITH SUGAR FRUIT AND JUICE,"Blackcurrants, stewed",2002,
2007,REDCURRANTS STEWED WITH SUGAR FRUIT AND JUICE,"Redcurrants / whitecurrants, stewed",2006,
10956,FIGS STEWED WITHOUT SUGAR,"Figs, stewed",2025,
2031,FRUIT SALAD FRUIT COCKTAIL CANNED IN FRUIT JUICE FRUIT ONLY,"Fruit cocktail, canned in juice",2030,
2029,FRUIT SALAD FRUIT COCKTAIL CANNED IN SYRUP FRUIT ONLY,"Fresh fruit salad, with sugar/syrup",2035,
5954,FRUIT SALAD FRESH APPLES BANANAS ORANGES KIWI FRUIT,Fresh fruit salad,2036,
10317,MIXED FRUITS IN JUICE NOT FRESH NOT CANNED,Fresh fruit salad,2036,
2040,GOOSEBERRIES STEWED WITH SUGAR FRUIT & JUICE,"Gooseberries, stewed",2039,
2048,GRAPEFRUIT CANNED IN SYRUP FRUIT ONLY,"Grapefruit, canned in syrup",2047,
2050,GRAPEFRUIT CANNED IN JUICE FRUIT ONLY,"Grapefruit, canned in juice",2049,
2074,MANDARIN ORANGES CANNED IN SYRUP FRUIT & SYRUP,"Mandarins, canned in juice",2075,
2077,MANDARIN ORANGES CANNED IN FRUIT JUICE FRUIT ONLY,"Mandarins, canned in juice",2075,
2076,MANDARIN ORANGES CANNED IN JUICE FRUIT & JUICE,"Mandarins, canned in syrup",2075,
2106,PEACHES CANNED IN SYRUP FRUIT & SYRUP,"Peaches, canned in syrup",2107,
2109,PEACHES CANNED IN FRUIT JUICE FRUIT ONLY,"Peaches, canned in juice",2108,
11387,"PEARS EATING RAW, PUREED, FLESH ONLY","Pear (cooking variety), raw",2110,
2161,PEARS CANNED IN FRUIT JUICE FRUIT AND JUICE,"Pears, canned in juice",2113,
2162,PEARS CANNED IN FRUIT JUICE FRUIT ONLY,"Pears, canned in juice",2113,
2115,PEARS CANNED IN SYRUP FRUIT AND SYRUP,"Pears, canned in syrup",2116,
2119,PINEAPPLE CANNED IN SYRUP FRUIT & SYRUP,"Pineapple, canned in syrup",2120,
2122,PINEAPPLE CANNED IN FRUIT JUICE FRUIT ONLY,"Pineapple, canned in juice",2121,
10706,"PINEAPPLE IN JUICE NOT CANNED, FRUIT AND JUICE","Pineapple, canned in juice",2121,
2129,PLUMS COOKING STEWED WITH SUGAR FRUIT AND JUICE NO STONES,"Plums, stewed",2127,
8114,POMEGRANATE JUICE PURCHASED FORTIFIED,"Pomegranate juice, 100% juice",2132,
2145,RASPBERRIES STEWED WITH SUGAR FRUIT AND JUICE,"Raspberries, stewed",2144,
2158,TANGERINES MANDARINS CLEMENTINES WEIGHED WITH PEEL & PIPS,Tangerines / mandarins / clementines/ satsumas,2157,
2160,APPLE SAUCE CANNED,Apple sauce,2159,
10437,ENERGY DRINK MIX POWDER MALTODEXTRIN BASED,"Science in Sport PSP22 energy drink, dry powder ONLY",2202,
2662,FRUIT SYRUP CANNED,Glucose syrup,2202,
8299,LIQUID TABLE TOP SWEETENERS,Glucose liquid,2202,
344,JELLABI,Treacle,2207,
9364,TABLE TOP SWEETENERS PER 100G,"Sweetener, in tablets (e.g. Canderel)",2209,
11198,ASDA HONEY NUMBERS FORTIFIED,Honey,2214,
2971,GINSENG & ROYAL JELLY IN HONEY (LIQUID),Honey,2214,
3374,ROYAL JELLY TABLET,Honey,2214,
9325,DIABETIC JAM,"Jam/conserve, reduced sugar",2216,
8301,JAM STONE FRUIT HOMEMADE,"Jam/conserve, stone fruit (e.g. apricot)",2217,
2218,REDUCED SUGAR JAM STONE FRUIT,"Jam/conserve, stone fruit (e.g. apricot)",2217,
7887,FRUIT SPREADS STONE FRUIT,"Jam/conserve, stone fruit (e.g. apricot)",2217,
8300,JAM FRUIT WITH SEEDS HOMEMADE,"Jam/conserve, stone fruit (e.g. apricot)",2217,
7886,FRUIT SPREAD WITH EDIBLE SEEDS,"Jam/conserve, stone fruit (e.g. apricot)",2217,
2220,LEMON CURD HOMEMADE,Lemon curd,2219,
10764,"LEMON CURD PURCHASED, LUXURY, MADE WITH EGG AND BUTTER",Lemon curd,2219,
346,LEMON CURD TART,Lemon curd,2219,
9575,DIABETIC MARMALADE,"Marmalade, reduced sugar",2223,
2652,ICE MAGIC ICE CREAM TOPPING SAUCE,"Ice cream topping sauce (e.g. strawberry, chocolate)",2227,
2111,PEARS EATING RAW FLESH ONLY LEFTOVER SKIN & CORE NOT WEIGHED,"Pear, skin eaten",2240,
7979,BOILED SWEETS SOFT CENTRE,Boiled sweets (e.g. barley sugar),2251,
8968,LOLLIPOPS (NOT ICE LOLLIES) FORTIFIED VITAMIN C,Lollipops (e.g. Chupa Chups),2251,
7953,AMERICAN HARD GUMS,"Chewing gum, not sugar free",2253,
9110,BOOTS SUCROSE FREE CHOCCO BAR,"Milk chocolate bar (e.g. Dairy Milk, Aero, Twirl, Galaxy)",2254,
7974,DAIRY CRUNCH MILK CHOCOLATE NOT WHITE DAIRY CRUNCH,"Milk chocolate bar (e.g. Dairy Milk, Aero, Twirl, Galaxy)",2254,
7037,CAROB CHOCOLATE SUBSTITUTE,Plain/dark chocolate bar (e.g Bournville),2255,
9378,DIABETIC CHOCOLATE ANY TYPE,Plain/dark chocolate bar (e.g Bournville),2255,
8302,FRUIT AND NUT CHOCOLATE BAR,Chocolate bars with nuts (e.g. Cadbury whole nut),2258,
7226,"CHOCOLATE ENERGY AND PROTEIN BARS, FORTIFIED, WITH SWEETENERS EG ATKINS ADVANTAGE",Chocolate bars with nuts (e.g. Cadbury whole nut),2258,
7969,MILK GUMS,Haribo (sweets),2259,
3943,MAGAJ (INDIAN SWEETS),Haribo (sweets),2259,
8546,FOAM SWEETS EG SHRIMPS,Foam sweets (e.g. shrimps),2264,
5041,DEEP FRIED MARS BAR,Mars bar (including supermarket brand equivalents),2265,
5827,HONEYCOMBE TOFFEE,Mixed toffees / liquorice toffees,2272,
8036,KIT KAT CHUNKY PEANUT BUTTER ONLY,Kit Kat / Kit Kat Chunky (including supermarket own brand equivalents),2277,
2260,HALVA,"Halwa/halva, sweet/dessert made with semolina/sesame/tahini",2280,
11031,CNP PROFESSIONAL PRO MS MEAL REPLACEMENT POWDER FOR WOMEN,Nutritional supplement powder (Complan only),2305,
11326,HERBALIFE FORMULA MEAL REPLACEMENT POWDER,Nutritional supplement powder (Complan only),2305,
649,BUILDUP SLENDER SLIMMING DRINK POWDER,Nutritional supplement powder (Complan only),2305,
10753,NUTRINI 1KCAL/ML NUTRITIONALLY COMPLETE SUPPLEMENT FEED,Nutritional supplement powder (Complan only),2305,
10080,BURDOCK AND WILD PANSY CAPSULES,Nutritional supplement powder (Complan only),2305,
10101,"DEVILS CLAW, ANY STRENGTH",Nutritional supplement powder (Complan only),2305,
11029,"NEOCATE ADVANCE, DRY WEIGHT",Nutritional supplement powder (Complan only),2305,
10839,METAGENICS ULTRAINFLAMX,Nutritional supplement powder (Complan only),2305,
2307,COFFEE FRESH STRONG INFUSION,"Coffee, fresh",2306,
2304,COFFEE & CHICORY ESSENCE,Instant coffee powder/granules,2308,
7888,DRINKING CHOCOLATE INSTANT NO SUGAR DRIED,"Drinking chocolate powder, not instant",2309,
3545,APPLE TEA WITH VITAMIN C (100 MG) DRY WEIGHT E.G. LIFT,Tea,2315,
8957,BAMBU CHICORY DRINK - COFFEE SUBSTITUTE,Tea,2315,
2314,TEA STRONG INFUSION,Tea,2315,
2316,TEA INSTANT DRY WEIGHT,Tea,2315,
2638,VENDING MACHINE TEA & WHITENER,Tea,2315,
2639,VENDING TEA WHITENER & SUGAR,Tea,2315,
8318,TEA INSTANT WITH MILK POWDER EG TYPHOO QT,Tea,2315,
10209,"BLUEBERRY, APPLE AND GRAPE FRUIT JUICE 100% JUICE","Apple and mango juice, 100% juice",2319,
5151,AME SPARKLING DRINK WITH FRUIT JUICE HERBS & VITS,Sparkling apple juice drink (e.g. tango apple),2320,
8457,APPLE JUICE DRINK CARBONATED LOW CALORIE,Sparkling apple juice drink (e.g. tango apple),2320,
2641,APPLE JUICE DRINK CARBONATED CANNED NOT LOW CALORIE,Sparkling apple juice drink (e.g. tango apple),2320,
8444,FRUIT JUICE DRINK CARBONATED NOT LOW CAL NOT CANNE,Sparkling apple juice drink (e.g. tango apple),2320,
7900,CARBONATED BEVERAGES NO JUICE NOT LOW CAL NOT CANN,Sparkling apple juice drink (e.g. tango apple),2320,
8362,CARBONATED APPLE JUICE DRINK LOW CALORIE CANNED,Sparkling apple juice drink (e.g. tango apple),2320,
2404,CARBONATED FRUIT JUICE DRINK 50% JUICE NOT LOW CAL,Sparkling apple juice drink (e.g. tango apple),2320,
2340,FRUIT JUICE DRINK CARB LESS 50% JUICE [D NOT CAN,Sparkling apple juice drink (e.g. tango apple),2320,
2321,LEMONADE CANNED NOT LOW CALORIE NOT 7 UP OR SPRITE,Lemonade (including cloudy varieties),2322,
2327,GRAPEFRUIT JUICE SWEETENED BOTTLED,"Grapefruit juice, 100% juice",2330,
2329,GRAPEFRUIT JUICE UNSWEETENED PASTEURISED,"Grapefruit juice, 100% juice",2330,
8210,PLJ LEMON JUICE CONCENTRATE WITH VITAMIN C,"Lime juice cordial, with ADDED SUGAR, not diluted",2331,
2359,FROZEN ORANGE JUICE CONCENTRATE,"Orange juice, 100% juice",2337,
2338,ORANGE JUICE UNSWEETENED UHT,"Freshly squeezed orange juice, 100% juice",2339,
2360,FROZEN ORANGE JUICE CONCENTRATE MADE UP,"Freshly squeezed orange juice, 100% juice",2339,
2336,ORANGE JUICE UNSWEETENED CANNED,"Freshly squeezed orange juice, 100% juice",2339,
2334,ORANGE JUICE SWEETENED CANNED,"Freshly squeezed orange juice, 100% juice",2339,
10366,ORANGE JUICE PASTEURISED FORTIFIED WITH CALCIUM,"Freshly squeezed orange juice, 100% juice",2339,
2342,PINEAPPLE JUICE SWEETENED BOTTLED,"Pineapple juice, 100% juice",2345,
2344,PINEAPPLE JUICE UNSWEETENED PASTEURISED,"Pineapple juice, 100% juice",2345,
2341,PINEAPPLE JUICE SWEETENED CANNED,"Pineapple juice, 100% juice",2345,
2343,PINEAPPLE JUICE UNSWEETENED CANNED,"Pineapple juice, 100% juice",2345,
10482,ROBINSONS BE NATURAL CONCENTRATED SQUASH,"Single strength squash, with ADDED SUGAR, not diluted (e.g. Vimto, Miwadi)",2349,
8450,MIXED FRUIT JUICE CANNED UNSWEETENED 100% JUICE,"Mixed fruit juice, (e.g. Tropicana), 100% juice",2357,
8539,JUICE ONLY FROM FRUIT CANNED IN JUICE,"Mixed fruit juice, (e.g. Tropicana), 100% juice",2357,
7949,FRUITY JUICE DESSERTS ANY FLAVOUR E.G. HEINZ,"Mixed fruit juice drink, ready to drink, 25-49% juice (e.g. Capri sun, Rubicon)",2358,
2393,SHERRY SWEET; GINGER WINE,Sherry,2392,
2395,MARTINI; CINZANO; RICCADONNA; DUBONNET SWEET,Sherry,2392,
2391,SHERRY DRY,Sherry,2392,
9354,VERMOUTH SWEET ONLY,Aperitif (e.g. Martini),2394,
2401,CURACAO,???,2400,
2414,CHILLI PICKLE OILY,Chilli chutney / pickle,2416,
2430,MANGO PICKLE OILY,Mango chutney,2419,
2427,GRAVY UNTHICKENED NO FAT,Gravy,2425,
2426,GRAVY UNTHICKENED WITH FAT,Gravy,2425,
2424,GRAVY THICKENED WITH FAT,Gravy,2425,
8382,MAYONNAISE NOT LOW CALORIE HOMEMADE,Mayonnaise (e.g. Hellmans),2432,
6042,SWEET & SOUR SAUCE WITH PINEAPPLE,Sweet and sour sauce,2447,
9393,"COOK IN SAUCE, CHINESE, SWEET AND SOUR CANNED",Sweet and sour sauce,2447,
10323,"SWEET AND SOUR COOK-IN SAUCES, REDUCED SUGAR 'HEALTHY STYLE'",Sweet and sour sauce,2447,
2434,MILD MUSTARD SAUCE EG MC DONALDS,"Mustard (including English, dijon, wholegrain)",2454,
4206,WHITE SAUCE PACKET MIX MADE UP WITH SOYA MILK,"Sauce mix, made-up (e.g. parsley/peppercorn)",2458,
2461,BROTH BONE AND VEGETABLE HOME-MADE,Stock / consomme (any clear soup),2462,
7925,CREAM OF CHICKEN SOUP CARTON READY TO SERVE,"Cream of chicken soup, canned",2463,
2464,CREAM OF CHICKEN SOUP CONDENSED CANNED,"Cream of chicken soup (condensed), canned, not made up",2463,
2465,CREAM OF CHICKEN SOUP CONDENSED MADE UP H20,"Cream of chicken soup (condensed), canned, not made up",2463,
2475,OXTAIL SOUP PACKET (AS SERVED),"Oxtail soup, dry/packet mix",2466,
5384,SOUPS WITH PASTA,Chicken noodle soup,2467,
2485,SOUP OTHER CANNED AS SERVED,"Cup a soup, made up",2468,
2493,VENDING MACHINE SOUP,"Cup a soup, made up",2468,
6810,SPICY LENTIL SOUP WITH OLIVE OIL,Lentil soup,2469,
5721,LENTIL SOUP WITH LEEK CARROTS & TURNIPS,Lentil soup,2469,
9001,LENTIL SOUP WITH BACON AND CARROTS,Lentil soup,2469,
6475,LENTIL SOUP WITH POTATOES,Lentil soup,2469,
7923,CREAM OF MUSHROOM SOUP PACKET AS SERVED,"Cream of mushroom soup, canned",2472,
7926,"MUSHROOM SOUP, PREMIUM, CHILLED, CARTON","Cream of mushroom soup, canned",2472,
7924,CREAM OF TOMATO SOUP PACKET AS SERVED,"Cream of tomato soup, canned",2478,
2480,TOMATO SOUP CONDENSED DILUTED WITH WATER,"Cream of tomato soup, canned",2478,
2479,TOMATO SOUP CONDENSED,"Cream of tomato soup, canned",2478,
10220,"KNORR DRIED VEGETABLE SOUP FORTIFIED, MADE UP","Vegetable soup, canned",2483,
6795,THAI SPINACH SOUP FRESH RETAIL EG. NEW COVENT GDN,"Vegetable soup, canned",2483,
2484,SOUP VEGETABLE,"Vegetable soup, canned",2483,
9166,VEGETABLE SOUP (HOMEMADE),"Vegetable soup, canned",2483,
7928,VEGETABLE SOUP CARTON,"Vegetable soup, canned",2483,
3258,"VEGETABLE SOUP WITH OLIVE OIL CARROTS, PEPPERS,TOMATOES AND BUTTER","Vegetable soup, canned",2483,
6620,VEGETABLE BEAN SOUP,"Vegetable soup, with pulses",2490,
2491,LOW CALORIE SOUP CANNED,Low-calorie soup (e.g. Weight Watchers),2492,
2477,SCOTCH BROTH,"Scotch broth (soup), canned",2494,
10988,COW AND GATE CAROBEL,Gelatin,2509,
10587,THICK AND EASY INSTANT FOOD THICKENER,Gelatin,2509,
7065,VECON,Stock cube,2515,
10541,APPLE CIDER VINEGAR SUPPLEMENT WITH ACEROLA,Cider Vinegar,2525,
10343,HONEYGAR,Cider Vinegar,2525,
9652,BREWERS YEAST TABLETS,"Yeast, compressed",2529,
21,FLOUR WHITE BREADMAKING,Plain flour,2603,
9210,STRONG BREAD FLOUR WITH COOKING LOSSES,Plain flour,2603,
16,FLOUR WHITE SELF RAISING,"Self raising flour, white",2604,
6224,CHIPS: NEW POTATOES FRIED IN RAPESEED OIL,"Potato, new, fried/roasted without oil",2609,
2312,MILK SHAKE SYRUP,"Flavoured syrup, for coffee/milkshake (e.g vanilla, caramel, hazelnut)",2613,
1709,CABBAGE FROZEN BOILED,"Cabbage, cooked from frozen",2617,
2004,BLACKCURRANTS CANNED IN SYRUP FRUIT AND SYRUP,"Blackcurrants, canned",2620,
9280,RATATOUILLE FROZEN PURCHASED,Ratatouille,2625,
8699,FARLEYS BEDTIMERS CHOCOLATE DRINK ENRICHED POWDER,"Drinking chocolate powder, instant",2632,
8311,BOURNVITA LOW FAT DRY WEIGHT,Low-fat malted milk drink powder (e.g. Horlicks light),2635,
2670,OVALTINE LIGHT INSTANT LOW FAT DRY WEIGHTS,Low-fat malted milk drink powder (e.g. Horlicks light),2635,
9277,HORLICKS CHOCOLATE LOW FAT INSTANT DRY WEIGHT,Low-fat malted milk drink powder (e.g. Horlicks light),2635,
2313,OVALTINE DRY WEIGHT NOT INSTANT NOT LOW FAT,Low-fat malted milk drink powder (e.g. Horlicks light),2635,
9506,BOURNVITA DRY WEIGHT NOT INSTANT LOW FAT,Low-fat malted milk drink powder (e.g. Horlicks light),2635,
9211,BROWN FLOUR WITH COOKING LOSSES,Wholemeal (brown) flour,2643,
10023,FLOUR BROWN BREADMAKING,Wholemeal (brown) flour,2643,
12,FLOUR BROWN (85%),Wholemeal (brown) flour,2643,
22,FLOUR WHOLEMEAL (100%),Wholemeal (brown) flour,2643,
10021,"FLOUR WHOLEMEAL, BREADMAKING",Wholemeal (brown) flour,2643,
8680,SPONGE CAKE PUFA MARG HOMEMADE NO FILLING NO ICING,"Sponge cake, no filling (e.g. plain tray bake)",2644,
8563,SPONGE CAKE NO FAT HOMEMADE,"Sponge cake, no filling (e.g. plain tray bake)",2644,
5449,CHOCOLATE SAUCE MADE WITH WHOLE MILK,Chocolate sauce e.g. eaten with pudding,2645,
1904,POTATO CROQUETTES COATED B'CRUMBS FRIED P/S OIL,Potato croquettes,2654,
1901,POTATO CROQUETTES FRIED IN BLENDED OIL,Potato croquettes,2654,
635,CREAM DOUBLE UHT,Elmlea double cream,2681,
11164,SNACK A JACKS CRUNCHY CURLS,Low fat crisps,2691,
8610,POTATO CRISPS VERY LOW FAT WITH ARTIFICIAL SWEETENER,Low fat crisps,2691,
7739,"FROMAGE FRAIS VIRTUALLY FAT FREE, FRUIT, NO ARTFICIAL SWEETNER","Natural fromage frais, fat free, sugar free",2700,
7738,"FROMAGE FRAIS, VIRTUALLY FAT FREE, NATURAL, UNSWEET","Natural fromage frais, fat free, sugar free",2700,
3223,"YOGURT AND FROMAGE FRAIS MOUSSE, LOW FAT E.G. ONKEN LITE MOUSSE","Natural fromage frais, fat free, sugar free",2700,
11208,YOGURT VIRTUALLY FAT FREE FRUIT WITH SWEETENERS FORTIFIED,"Fruit yoghurt, virtually fat free, with artificial sweetener (e.g. Muller Light)",2701,
11310,MULLER LIGHT FAT FREE YOGURT WITH ADDED CALCIUM,"Fruit yoghurt, virtually fat free, with artificial sweetener (e.g. Muller Light)",2701,
688,CHEESE CREAM FULLFAT,"Soft cheese, full-fat (e.g. Philadelphia)",2703,
11308,CHEESE SOFT FULL FAT EG PHILADELPHIA,"Soft cheese, full-fat (e.g. Philadelphia)",2703,
3881,"OLIVE OIL DRESSING, PIZZA EXPRESS ONLY","French dressing, low fat/fat free",2704,
306,CHINESE CAKES AND PASTRIES,"Rice cake, sweet, with or without chocolate",2735,
307,CHINESE GLUTINOUS RICE FLOUR CAKES,"Rice cake, sweet, with or without chocolate",2735,
10887,LIGHTER LIFE NUTRITIONALLY COMPLETE PORRIDGE FLAVOUR POWDER/FOODPACK FORTIFIED,Meal replacement porridge powder (e.g. Lighter Life),2739,
10488,HIGHER NATURE ENERGY BREAKFAST SHAKE DRY POWDER,Meal replacement shake (e.g. Slimfast),2739,
11216,JUICE PLUS COMPLETE MEAL REPLACEMENT MILKSHAKE POWDER,Meal replacement shake (e.g. Slimfast),2739,
3220,SLIMFAST DRINK (POWDER ONLY),Meal replacement shake (e.g. Slimfast),2739,
10893,TESCO ULTRASLIM MEAL REPLACEMENT POWDER ONLY,Meal replacement porridge powder (e.g. Lighter Life),2739,
11217,VI SHAPE MEAL REPLACEMENT MILKSHAKE POWDER,Meal replacement shake (e.g. Slimfast),2739,
1231,BEEF MINCED IN GRAVY CANNED,"Beef curry, canned",2810,
10344,OPTIMA GLUCOSAMINE JOINT COMPLEX,Glucosamine,2833,
11425,"PRIME FIFTY, HEALTHY JOINTS, WITH GLUCOSAMINE, CHONDROITON AND COLLAGEN",Glucosamine,2833,
11033,SEVEN SEAS JOINTCARE COMPLETE GLUCOSAMINE PLUS OMEGA 3,Glucosamine,2833,
10886,KELLOGGS SPECIAL K HAZELNUT AND ALMOND,Kellogg's Special K with berries/fruit,2970,
8013,SPECIAL K BERRIES ANY FRUIT ADDITION NOT CHOC OR YOGURT,Kellogg's Special K with berries/fruit,2970,
10236,CRISPY NOODLES READY TO EAT,Fried noodles (not supernoodles),2984,
9055,CORNMEAL PORRIDGE HALF MILK HALF WATER,Cornmeal porridge,3073,
11304,GRACE INSTANT CORNMEAL PORRIDGE,Cornmeal porridge,3073,
8576,CHOCOLATE CAKE NO FAT NO FILLING OR ICING,Chocolate sponge cake with no filling,3082,
3091,"CHOCOLATE SPONGE CAKE MADE WITH REDUCED FAT SPREAD, HOMEMADE",Chocolate sponge cake with no filling,3082,
8713,CHOCOLATE CAKE PUFA MARG HOMEMADE NO FILLING/ICING,Chocolate sponge cake with no filling,3082,
393,FLAKY PASTRY COOKED,Puff pastry (savoury),3115,
392,FLAKY PASTRY UNCOOKED,Puff pastry (savoury),3115,
1108,CHICKEN IN WHITE SAUCE CANNED,"Chicken in a white wine/cream sauce, shop-bought",3163,
9565,CHICKEN IN WHITE SAUCE HAM MUSHROOM & RICE READY MADE,"Chicken in a white wine/cream sauce, shop-bought",3163,
2706,CHICKEN ESCALOPE WITH CORONATION SAUCE EG BERNARD MATTHEWS,"Chicken in a white wine/cream sauce, shop-bought",3163,
11046,"SARDINES, CANNED, IN SPRING WATER, FISH ONLY","Sardine fillet, in brine, canned",3169,
587,ANGEL DELIGHT SUGAR FREE WHOLE MILK,Instant mousse dessert (made with milk) (e.g. Angel Delight),3179,
2684,SUGAR FREE ANGEL DELIGHT DRY WEIGHT,Instant mousse dessert (made with milk) (e.g. Angel Delight),3179,
3211,"PORRIDGE WITH SOYA MILK,UNSWEETENED","Porridge, made with soya milk",3210,
4123,CHICKEN AND LEMON RISOTTO FROZEN READY MEAL WEIGHTWATCHERS ONLY,Chicken risotto,3221,
10982,BROWN RICE NOODLES COOKED,Vermicelli / rice noodles (including glass/thread noodles),3229,
56,RICE FLAKES DRIED,Vermicelli / rice noodles (including glass/thread noodles),3229,
1687,SOYA BEAN THREAD - FOO JUK,Vermicelli / rice noodles (including glass/thread noodles),3229,
10056,RICE CAKES WITH ADDED SUGAR AND CHOCOLATE,"Rice cake, savoury flavoured (e.g. Snack a Jacks)",3236,
10441,MARMITE FLAVOUR RICE CAKES,"Rice cake, savoury flavoured (e.g. Snack a Jacks)",3236,
9281,VEGETABLE CURRY NO RICE TAKEAWAY EG VEGETABLE BALTI,"Vegetable curry, canned",3238,
9098,SPAGHETTI CAEBRBONARA,Pasta carbonara (e.g. spaghetti),3316,
10522,L-LYSINE 500MG,"Amino acid powder, scoop (5g)",3401,
3351,CREATINE POWDER,"Amino acid powder, scoop (5g)",3401,
9801,HIGH POTENCY LECITHIN WITH VITAMIN E (HEALTHCRAFT),Lecithin powder/granules,3406,
9604,POWER HEALTH SUPERLEC 1200 CAPSULE (LECITHIN),Lecithin powder/granules,3406,
3161,"QUICHE, VEGETABLE ONLY EG SAINSBURYS MEDITERRANEAN NOT LOW FAT","Vegetable based quiche (e.g. cheese & onion), reduced fat",3411,
6411,TESCO CHICKEN & VEG PIE MASHED POTATO TOPPING,Chicken and vegetable pie (topped with mashed potato),3416,
10720,"COW AND GATE TODDLER MEALS STAGE 3 (10MTH) WITH POULTRY, FORTIFIED","Chicken pie, toddler meal (e.g. Annabel Karmel, Little Dish)",3416,
10912,"HEINZ CHICKEN, FRUIT AND VEGETABLE MEALS WITH IRON FROM STAGE 3","Chicken pie, toddler meal (e.g. Annabel Karmel, Little Dish)",3416,
10916,HEINZ STAGE 1 MEALS WITH CHICKEN AND VEGETABLES FORTIFIED WITH IRON,"Chicken pie, toddler meal (e.g. Annabel Karmel, Little Dish)",3416,
10654,HEINZ STAGE 2 TODDLER MEALS WITH CHICKEN AND VEGETABLES FORTIFIED WITH IRON,"Chicken pie, toddler meal (e.g. Annabel Karmel, Little Dish)",3416,
3932,POTATO BAKE WITH CREAM AND BACON,Chicken and vegetable pie (topped with mashed potato),3416,
9537,CHICKEN AND BROCCOLI BISTO PASTRY EG BIRDS EYE,Chicken and vegetable pie (topped with mashed potato),3416,
7642,R.BREK FLAV. SEMI SKIM,"Ready Brek, made up with skimmed milk",3421,
3781,"FROMAGE FRAIS BASED DIP, LOW FAT","Sour cream based dips, reduced fat",3451,
967,STEAK & KIDNEY STEWED SKIMMED,"Steak and kidney, stewed (no gravy)",3460,
10144,BEEF/OX KIDNEY STEWED,"Steak and kidney, stewed (no gravy)",3460,
8860,CHICKEN & MUSHROOM PANCAKES PURCHASED GRILLED OIL,Chicken/turkey crispy pancake (e.g. Findus crispy pancake),3555,
8259,CHICKEN KIEV MINI GRILLED,Chicken kiev,3680,
10390,CHICKEN KIEVS REDUCED FAT OR CALORIE PURCHASED,"Chicken kiev, reduced fat",3680,
5636,LENTIL ONION CURRY WITH YELLOW LENTILS,"Vegetable curry, with lentils",3706,
6399,KHICHADI-RICE & MUNG BEANS WITH BUTTER GHEE,"Vegetable curry, with lentils",3706,
3253,CHICKEN PAELLA LOW FAT READY MEAL E.G TESCO,"Chicken and prawn paella, ready meal, reduced fat",3730,
7129,"PAELLA MADE WITH RICE, CHICKEN, COD, PRAWN, PEAS AND RED PEPPER. READYMEAL CO-OP","Chicken and prawn paella, ready meal, reduced fat",3730,
9108,SEAFOOD PAELLA (NO RICE),Mixed meat/seafood paella,3730,
6588,SEAFOOD PAELLA READY MEAL EG. M&S,Mixed meat/seafood paella,3730,
8844,VESTA PAELLA AS SERVED,"Chicken and prawn paella, ready meal, reduced fat",3730,
11047,HOLLAND AND BARRETT SELENIUM PLUS ZINC,Selenium (200ug),3740,
10356,"SELENIUM 100MCG AND VITAMINS A,C,E",Selenium (200ug),3740,
10992,"SELENIUM 200MCG, VIT A 400MCG, VIT C 80MG, VIT E 24MG",Selenium (200ug),3740,
3199,SELENIUM 50UG TABLET,Selenium (200ug),3740,
10395,"SIMPLY SUPPLEMENTS SELENIUM AND VITAMINS A,C,E",Selenium (200ug),3740,
3410,"SO GOOD, FORTIFIED SOYA DRINK","Soya milk/drink, unsweetened (e.g. Alpro)",3769,
2712,VITAMIN B6 TABLETS 82MG,Vitamin B6 (100mg),3795,
9348,INSTANT OAT CEREAL MADE UP WITH WATER,"Instant porridge pot, plain (e.g. Oat So Simple original), made up with water",3797,
10379,COW AND GATE CREAMY PORRIDGE DRY WEIGHT FORTIFIED,"Porridge sachet, plain, made up with milk (e.g. Oat So Simple Original)",3797,
10684,"HEINZ CREAMED PORRIDGE ALL AGES FROM STAGE 1, WITH IRON","Porridge sachet, plain, made up with milk (e.g. Oat So Simple Original)",3797,
10160,HIPP ORGANIC CREAMED PORRIDGE DRY WEIGHT FORTIFIED,"Porridge sachet, plain, made up with milk (e.g. Oat So Simple Original)",3797,
10915,HIPP ORGANIC CREAMY PORRIDGE BREAKFAST STAGE 2 FORTIFIED,"Porridge sachet, plain, made up with milk (e.g. Oat So Simple Original)",3797,
11126,INSTANT HOT OAT CEREAL PLAIN NOT FORTIFIED MADE WITH SEMI-SKIMMED MILK EG OATSO SIMPLE,"Porridge, made with semi skimmed milk",3797,
11212,KELLOGGS SPECIAL K MULTIGRAIN PORRIDGE ANY FLAVOUR,"Porridge sachet, plain, made up with milk (e.g. Oat So Simple Original)",3797,
8948,MILUPA INSTANT CEREALS DRY WEIGHT EG OAT & APPLE,"Porridge sachet, plain, made up with milk (e.g. Oat So Simple Original)",3797,
2687,OATS WITH LOSSES ON BOILING,"Porridge sachet, plain, made up with milk (e.g. Oat So Simple Original)",3797,
10358,PLUM BABY FOUR GRAIN PORRIDGE WITH PLUM AND BANANA,"Porridge sachet, plain, made up with milk (e.g. Oat So Simple Original)",3797,
10641,"PLUM BABY FOUR GRAIN SUPER PORRIDGE, PLAIN, STAGE 1","Porridge sachet, plain, made up with milk (e.g. Oat So Simple Original)",3797,
9555,PORRIDGE MADE W BRAN & SEMI SKIMMED MILK & WATER,"Porridge, made with semi skimmed milk",3797,
10473,PORRIDGE MADE WITH 1% MILK,"Porridge, made with semi skimmed milk",3797,
5344,"PORRIDGE MADE WITH SEMI SKIMMED MILK, WATER AND ADDED SALT","Porridge, made with semi skimmed milk",3797,
7082,FRUIT BASED PANNACOTTA,Panna cotta,3805,
5144,ONION GRAVY,Onion gravy,3826,
2437,ONION SAUCE MADE WITH WHOLE MILK,Onion gravy,3826,
8028,ONION SAUCE WITH SEMI-SKIMMED MILK,Onion gravy,3826,
3916,MINCED BEEF FRIED IN SUNFLOWER OIL,"Minced beef, fried",3829,
6150,CHEATIN MEATS REDWOOD E.G HAM CHICKEN,Vegetarian meat-free slices (e.g. Quorn chicken/ham-style),3859,
9207,WEETABIX DISNEY BREAKFAST CEREALS,"Weetabix minis, chocolate",3875,
10457,WEETABIX DISNEY BREAKFAST CEREALS,"Weetabix minis, chocolate",3875,
8165,KELLOGGS SPECIAL K BLISS CEREAL BAR FORTIFIED,Kellogg's Rice krispies cereal bar,3882,
10919,ORGANIX GOODIES COCOA AND RAISIN CEREAL BAR,Kellogg's Coco Pops cereal bar,3882,
11144,SAINSBURYS CHOCOLATE CHIP BALANCE CEREAL BAR FORTIFIED,Kellogg's Coco Pops cereal bar,3882,
10259,TESCO SPECIAL FLAKE CEREAL BAR WITH CHOCOLATE CHIPS FORTIFIED,Kellogg's Coco Pops cereal bar,3882,
10894,LIGHTEST SPREADABLE BUTTER (40% FAT),"Lightest spreadable butter (e.g. Lurpak, Sainsbury’s Buttersoft Light)",3891,
10044,"REDUCED FAT SPREAD (41-62% FAT) POLYUNSATURATED, FORTIFIED WITH B6, B12, FOLIC ACID",Reduced fat spreadable butter (e.g. Lurpak Light),3891,
3484,"LUCOZADE SPORT, BOTTLED","Lucozade Energy (including Original, Orange, Pink Lemonade)",3893,
2333,LUCOZADE NOT LOW CALORIE NOT CANNED NOT BARLEY,"Lucozade Energy (including Original, Orange, Pink Lemonade)",3893,
2403,LUCOZADE CANNED NOT LOW CAL OR BARLEY,"Lucozade Energy (including Original, Orange, Pink Lemonade)",3893,
11256,CRANBERRY FRUIT JUICE DRINK NO ADDED VITAMIN C,"Cranberry fruit juice drink, with no added sugar",3895,
10580,OCEAN SPRAY CRANBERRY BASED CONCENTRATES,Cranberry and raspberry juice drink (e.g Ocean Spray),3895,
5546,CHOCOLATE FUDGE TART MADE WITH SHORTCRUST PASTRY,Chocolate fudge cake,3897,
10446,"OPTIFIT YOGURT DRINKS, ANY FLAVOUR, FORTIFIED WITH VITS C, E, B6","Flavoured yoghurt drink (e.g. flavoured Kefir, Lassi, Yop)",3901,
2968,CHICKEN & CASHEW NUTS WITH VEGETABLES,Chicken stir fry with nut (e.g. cashew/peanuts),3902,
3983,"COOK IN SAUCE, TOMATO BASED, CANNED","Tomato based pasta sauce, home made",3908,
5991,TOMATO SAUCE MADE WITH OLIVE OIL,"Tomato based pasta sauce, home made",3908,
10301,PUTTANESCA STYLE PASTA SAUCES CONTAINING TOMATOES AND OLIVES,"Tomato based pasta sauce, home made",3908,
2450,TOMATO SAUCE HOMEMADE,"Tomato based pasta sauce, home made",3908,
8583,TOMATO SAUCE WITH ONIONS,"Tomato based pasta sauce, home made",3908,
7646,PORRIDGE MADE WITH BRAN AND SKIMMED MILK AND ADDED SALT,"Porridge, made with skimmed milk",3925,
7645,PORRIDGE MADE WITH BRAN AND SEMI-SKIMMED MILK AND ADDED SALT,"Porridge, made with skimmed milk",3925,
3457,"CHAPATI, WHOLEMEAL, WITH OLIVE OIL","Chapati / roti, wholemeal (brown), with oil, homemade",3937,
8603,WHOLEMEAL CHAPATI MADE WITH SUNFLOWER OIL,"Chapati / roti, wholemeal (brown), with oil, homemade",3937,
141,CHAPATIS BROWN IN BUTTER GHEE,"Chapati / roti, wholemeal (brown), with oil, homemade",3937,
8690,ROTI HOMEMADE,"Chapati / roti, wholemeal (brown), with oil, homemade",3937,
1745,GOURD BITTER RAW,"Bitter gourd, cooked",3939,
1746,GOURD BOTTLE RAW,"Bitter gourd, cooked",3939,
8820,BLACK EYED BEAN CURRY,Mixed bean curry,3940,
11195,PEANUT SATAY STIR FRY SAUCE,"Stir fry sauce, Chinese (e.g. yellow bean sauce)",3982,
1113,CHICKEN WITH MUSHROOMS,"Cook-in-sauce, white sauce based (e.g. Chicken Tonight Creamy Mushroom)",3985,
9515,PASTA SAUCE WITH LEAN MINCE AND DOLMIO WHITE SAUCE,"Cook-in-sauce, white sauce based (e.g. Chicken Tonight Creamy Mushroom)",3985,
10074,"AMERICAN MUFFINS LOW FAT, PURCHASED, ANY FLAVOUR","Muffin, not chocolate (e.g. blueberry)",3987,
10142,REALEAT VEGE MINCE COOKED,"Vegetarian mince (not quorn), frozen, uncooked",3989,
1884,POTATO SLICES BATTERED FR BLEN,Potato wedges,3991,
10658,"BABY MEALS WITH PASTA AND VEGETABLES, STAGE 1","Tomato based pasta sauce, with vegetables",3997,
3999,"PASTA SAUCE, CHEESE BASED","Pasta and sauce mix, cheese & white sauce based (uncooked)",4002,
7922,WHITE SAUCE SKIMMED MILK,"Pasta and sauce mix, cheese & white sauce based (uncooked)",4002,
2452,WHITE SAUCE SWEET (WHOLE MILK),"Pasta and sauce mix, cheese & white sauce based (uncooked)",4002,
3961,"MACARONI CHEESE, PACKET MIX","Macaroni cheese, made-up from packet mix (e.g. Batchelors Mac 'n' Cheese)",4003,
4046,MUSHROOM AND RICOTTA CHEESE CANNELLONI E.G.  SAINSBURY'S,Vegetable and cheese cannelloni (e.g. spinach and ricotta),4023,
10559,FORTICREME COMPLETE,Low fat individual dessert (e.g. Weight Watchers banoffee dessert),4032,
3558,"CHICKEN & VEGETABLE PIE, CANNED, E.G. FRAY BENTOS","Chicken pie, canned (with or without vegetables)",4041,
10726,VITAMIN D SUPPLEMENT 12.5MCG ONLY,Vitamin D 400IU (10ug),4051,
10539,TOFUTTI SOYA/TOFU BLEND CHEESE PRODUCTS,Tofu/soya cheese,4082,
9113,TOFU CHEESE,Tofu/soya cheese,4082,
5280,CHICKEN CHASSEUR,Chicken pakora,4094,
9179,GROUND RICE (WEST AFRICAN DISH),Vegetable rice,4100,
5281,CHICKEN CURRY MADE WITH CANNED/BOTTLE SAUCE NO RICE,Chicken curry made with ready made sauce,4131,
1363,CHICKEN CURRY CREAM SAUCE NO BONE,Chicken curry made with ready made sauce,4131,
10240,BPM ENERGY DRINK,"Energy drink, with no added sugar (e.g. Red bull, Monster)",4176,
11135,MONSTER ABSOLUTELY ZERO ENERGY DRINK,"Energy drink, with no added sugar (e.g. Red bull, Monster)",4176,
2655,BEANBURGER RED KIDNEY BEAN WITH BUN + RELISH,"Vegetarian burger, vegetable-based (no bun)",4203,
9279,VEGIEBURGER PURCHASED FRIED IN BLENDED OIL,"Vegetarian burger, vegetable-based (no bun)",4203,
8293,VEGIEBURGER/ BANGER MIX MADE UP GRILLED,"Vegetarian burger, vegetable-based (no bun)",4203,
8573,VEGIEBURGER/VEGIEBANGER MIX RAW,"Vegetarian burger, vegetable-based (no bun)",4203,
7718,ELMLEA WHIPPING CREAM,Elmlea single cream,4328,
640,CREAM SINGLE UHT,Elmlea single cream,4328,
10822,BIOTIN 1000UG TABLETS,Biotin (300ug),4336,
10523,HOMEMADE POPCORN MADE WITH OLIVE OIL,Butter popcorn,4408,
10914,HOMEMADE POPCORN MADE WITH PUFA OIL,Butter popcorn,4408,
301,BAKEWELL TART; FRANGIPANE TART; HOMEMADE,Cherry Bakewell tart/frangipane,4429,
9643,BAKEWELL TART PASTRY MADE W ALL MARG,Cherry Bakewell tart/frangipane,4429,
2266,NUT & SUGAR SWEETS,Greek pastry (e.g. baklava),4556,
4520,BEANSPROUTS FRIED,"Beansprouts, fried",4558,
5103,WATER AS A DILUENT FOR INSTANT COFFEE,"Water (from tap, including hot water, filtered water)",5000,
5104,WATER AS A DILUENT FOR INSTANT TEA,"Water (from tap, including hot water, filtered water)",5000,
5106,WATER AS A DILUENT FOR POWDERED,"Water (from tap, including hot water, filtered water)",5000,
5102,WATER - DILUENT FOR CONCENTRATED LOW CAL SOFT DRNK,"Water (from tap, including hot water, filtered water)",5000,
8371,POTATOES OLD ROAST FROZEN BAKED,"Roast potatoes, cooked from frozen (e.g. Aunt Bessies)",5065,
10600,WATER AS A DILUENT FOR INFANT FORMULA,Water used to make up dried milk,5105,
1068,CHICKEN BOILED LIGHT MEAT ONLY,Roast chicken (skin not eaten),5127,
5219,CHICKEN BREAST STUFFED WITH CHEESE AND HAM,Roast/grilled chicken breast (skin eaten),5127,
2962,"CHICKEN BREASTS, WITH SKIN, TOMATO AND VEGETABLE SAUCE",Roast/grilled chicken breast (skin eaten),5127,
2619,CHICKEN FLESH WITH LOSSES,Roast/grilled chicken breast (skin eaten),5127,
1074,CHICKEN FRIED IN LARD NO SKIN,Roast chicken (skin not eaten),5127,
1372,CHICKEN ROAST LIGHT MEAT AND SKIN NO BONES,Roast/grilled chicken breast (skin eaten),5127,
1107,CHICKEN SUPREME CREAMED CHICKEN NO BONES,Roast/grilled chicken breast (skin eaten),5127,
5273,CHICKEN BREAST CASSEROLED  MEAT & SKIN NO BONES,Roast chicken (skin not eaten),5127,
1091,CHICKEN ROAST DARK MEAT ONLY,Roast chicken (skin not eaten),5127,
1090,CHICKEN ROAST LIGHT MEAT ONLY,Roast chicken (skin not eaten),5127,
8903,CHICKEN MEATBALLS IN GRAVY CANNED EG CAMPBELLS,"Meatballs in gravy, canned",5131,
1244,STEWING STEAK / MEATBALLS IN GRAVY CANNED,"Meatballs in gravy, canned",5131,
1243,STEWING STEAK IN GRAVY PIE FILLING CANNED,Braising steak with gravy (no vegetables),5131,
5507,ALCOHOLIC SOFT DRINKS UNSPECIFIED,Alcoholic soft drink (e.g. Crabbies ginger beer),5142,
7006,"ALCOHOL SOFT DRINKS, SPIRIT BASED, DIET/NAS E.G BARCARDI BREEZER DIET",Alcoholic soft drink (e.g. Crabbies ginger beer),5142,
6971,"ICE CREAM, STANDARD, DAIRY (MADE WITH MILK/CREAM), CHOCOLATE, HARD","Premium ice cream with chocolate/caramel/nuts/biscuit (e.g. Ben and Jerry's, Haagen-Dazs)",5155,
8663,ICE CREAM DAIRY WITH CHOC/NUT/CARAMEL/NOT LUXURY,"Premium ice cream with chocolate/caramel/nuts/biscuit (e.g. Ben and Jerry's, Haagen-Dazs)",5155,
9094,CHICKEN FRIED IN OLIVE OIL,"Chicken breast, fried in olive oil",5171,
1079,CHICKEN COATED WITH BONE FRIED IN BLENDED OIL,"Chicken breast, fried in olive oil",5171,
1070,CHICKEN BREAST FRIED IN BLENDED VEG OIL NO COATING,"Chicken breast, fried in olive oil",5171,
5267,CHICKEN PORTION WITH SKIN UNCOATED DEEP FRIED BLENDED VEG OIL (WITH BONES),"Chicken breast, fried in olive oil",5171,
5130,CHICKEN FRIED IN PUFA OIL COOK IN SAUCE,"Chicken breast, fried in olive oil",5171,
3992,"CAKE BARS, NOT CHOCOLATE, INDIVIDUAL, PURCHASED","Chocolate coated cake bar, individual",5201,
8161,CHOCOLATE CAKE BAR WITH CHOCOLATE CHIPS PURCHASED,Cake slice with chocolate chip,5201,
8606,"CHOCOLATE CHIP CAKES MADE WITH PUFA MARGARINE, HOMEMADE",Cake slice with chocolate chip,5201,
1722,CAULIFLOWER CHEESE (WHOLE MILK),Cauliflower cheese,5241,
5345,CAULIFLOWER CHEESE WITH S/S MILK,Cauliflower cheese,5241,
1721,CAULIFLOWER BOILED WITH WHITE SAUCE (WHOLE MILK),Cauliflower cheese,5241,
2900,CAULIFLOWER CHEESE WITH BUTTER AND SEMI-SKIMMED MILK,Cauliflower cheese,5241,
8051,CAULIFLOWER CHEESE; HEALTHY RANGE READY MEAL PURCHASED,Cauliflower cheese,5241,
8050,CAULIFLOWER CHEESE; READY MEAL PURCHASED STANDARD,Cauliflower cheese,5241,
6973,"ICE CREAM CORNET, PURCHASED, STRAWBERRY/ ANY FLAVOUR EXCEPT CHOCOLATE, CORNETTO TYPE",Premium flavoured ice cream (e.g. Kelly's Clotted Cream and Raspberry Ripple),5252,
6969,"ICE CREAM, STANDARD, NON DAIRY (MADE WITH WHEY PROTEINS), CHOCOLATE ONLY, HARD",Premium flavoured ice cream (e.g. Kelly's Clotted Cream and Raspberry Ripple),5252,
7902,CARBONATED BEVERAGE NO JUICE CANNED LOW CALORIE,"Mineral water, still or carbonated, flavoured, with artificial sweetener (e.g. Perfectly clear zero sugar)",5253,
8360,CARBONATED DRINK <50% JUICE LOW CAL CANNED,"Mineral water, still or carbonated, flavoured, with artificial sweetener (e.g. Perfectly clear zero sugar)",5253,
10829,CARBONATED MINERAL WATER WITH HERBAL EXTRACT FORTIFIED,"Mineral water, still or carbonated, flavoured, with artificial sweetener (e.g. Perfectly clear zero sugar)",5253,
10763,MINERAL WATER NAS FRUIT FLAVOUR WITH SWEETENER,"Mineral water, still or carbonated, flavoured, with artificial sweetener (e.g. Perfectly clear zero sugar)",5253,
7736,"FROMAGE FRAIS, FULL FAT , FRUIT","Fromage frais, fruit (incl. children's) not fortified (e.g. value type, Little Yeos)",5254,
5256,FROMAGE FRAIS FRUIT FORTIFIED WITH IRON,"Fromage frais, fruit (incl. children's) not fortified (e.g. value type, Little Yeos)",5254,
7737,FROMAGE FRAIS FRUIT FORTIFIED WITH VITS AND CALCIUM,"Fromage frais, fruit (incl. children's) not fortified (e.g. value type, Little Yeos)",5254,
8221,"FROMAGE FRAIS, CHOC, NUT, TOFFEE, BUTTERSCOTCH","Fromage frais, fruit (incl. children's) not fortified (e.g. value type, Little Yeos)",5254,
10434,YOGURT AND FROMAGE FRAIS MOUSSE WITH FRUIT AND CREAM,"Fromage frais, fruit (incl. children's) not fortified (e.g. value type, Little Yeos)",5254,
7701,FRUIT SUNDAES,Sundae dessert,5257,
8004,TWIN POT PROBIOTIC YOGURT WITH FRUIT AND/OR CRUNCH,"Twin pot yoghurt, with fruit (e.g. Muller Corner)",5259,
8376,"YOG VIRT FAT FREE, TWIN POT, FRUIT WITH ART SWEETNER","Twin pot yoghurt, with fruit (e.g. Muller Corner)",5259,
8076,CHICKEN BURGER AND BUN PURCHASED,Chicken burger (including gourmet) in a bun with lettuce and mayo (restaurant/pub),5262,
1114,CHICKEN IN A BUN,Chicken burger (including gourmet) in a bun with lettuce and mayo (restaurant/pub),5262,
8258,CHICKEN FINGERS COATED GRILLED,"Chicken goujon/nugget/dipper, breaded/coated, grilled",5263,
1076,CHICKEN FRIED IN PUFA NO SKIN,"Chicken breast, fried",5265,
5450,CHICKEN BREAST MARINATED EG. BIRDS EYE SPICY CAJUN,"Chicken breast, marinated, shop-bought",5269,
5272,CHICKEN DRUMSTICKS ROAST MEAT & SKIN (INCL BONE),Roast/grilled chicken drumstick/wing (skin eaten),5271,
5270,CHICKEN DRUMSTICKS ROAST MEAT ONLY,Roast/grilled chicken drumstick/wing (skin eaten),5271,
8768,CHICKEN DRUMSTICK WITH SKIN NO BONES FRIED PUFA,Roast/grilled chicken drumstick/wing (skin eaten),5271,
1092,CHICKEN ROAST WING QUARTER MEAT + SKIN + BONE,Roast/grilled chicken drumstick/wing (skin eaten),5271,
8514,CHICKEN WING ONLY ROAST MEAT & SKIN WEIGHED WITH BONES,Roast/grilled chicken drumstick/wing (skin eaten),5271,
1373,CHICKEN WING QUARTER STEWED MEAT + SKIN,Roast/grilled chicken drumstick/wing (skin eaten),5271,
1126,CHICKEN ROLL CANNED,Chicken slice with stuffing,5284,
5285,CHICKEN SLICES SMOKED PREPACKED OR DELI INCL WAFER THIN,"Chicken slice, smoked or unsmoked (pre-packed/deli)",5284,
1127,CHICKEN ROLL NOT CANNED WITH OR WITHOUT STUFFING,Chicken slice with stuffing,5284,
1078,CHICKEN COATED E&C FRY BLENDED,Chicken stir fry (meat and vegetables),5286,
5288,CHICKEN STRIPS BREAST STIR FRY MUSHROOMS PEPPERS IN VEG OIL,Chicken stir fry (meat and vegetables),5286,
3352,"CHICKEN DHANSAK CURRY, NO RICE, TAKEAWAY",Chicken curry takeaway,5290,
1103,CHICKEN CURRY CANNED NO RICE,Chicken curry takeaway,5290,
9387,CHICKEN CURRY READY MEAL FROZEN CHILLED NO RICE,Chicken curry takeaway,5290,
6740,CHICKEN CURRY WITH CREAM COCOMUT AND CURRY PASTE,Chicken curry takeaway,5290,
9176,CHICKEN CURRY WITH HIGH CURRY POWDER,Chicken curry takeaway,5290,
8835,CHICKEN CURRY WITH POTATO,Chicken curry takeaway,5290,
3490,"CHICKEN HOTPOT, REDUCED FAT E.G. WW","Chinese chicken curry, takeaway",5290,
1366,CHICKEN CHOP SUEY TAKEAWAY,Chicken curry takeaway,5290,
2724,"CHICKEN JALFREZI, TAKEAWAY",Chicken curry takeaway,5290,
9126,TURKEY FRIED IN OLIVE OIL,"Turkey breast, fried",5292,
1088,CHICKEN ROAST MEAT ONLY,Chicken/turkey kebab (meat only),5296,
8261,TURKEY ROAST ROLL /  BREAST ROAST,Roast/grilled turkey breast,5296,
8262,TURKEY SLICES SMOKED PREPACKED OR DELI INCL WAFER THIN,"Turkey slice, smoked or unsmoked (pre-packed/deli)",5303,
5382,TURKEY ROLL NO STUFFING FROM DELI NOT CANNED,"Turkey slice, smoked or unsmoked (pre-packed/deli)",5303,
9786,BACON BURGER WITH CHEESE,Burger King Whopper with cheese,5305,
10748,HIPP ORGANIC TODDLER MEALS STAGE 4 (12MTH) WITH BEEF,"Beef stew/hotpot/hot pot, toddler meal (e.g. Heinz, Ella's kitchen)",5313,
3248,LAMB SHEPHERDS PIE E.G. WW,"Shepherd's pie (lamb), ready meal",5321,
3759,SHEPHERDS PIE WITH BAKED BEANS E.G. HEINZ,"Shepherd's pie (lamb), ready meal",5321,
3415,DORSET CEREAL WITH FRUIT AND NUTS,"Fruit 'n' Fibre cereal, supermarket brands",5327,
10302,DORSET CEREALS WITH FRUIT,"Fruit 'n' Fibre cereal, supermarket brands",5327,
8481,"ALL BRAN TYPE CEREAL, SAINSBURY'S AND ASDA HI-FIBRE BRAN ONLY","Fruit 'n' Fibre cereal, supermarket brands",5327,
8315,HARVEST MORN RAISIN BRAN CEREAL FORTIFIED,"Fruit 'n' Fibre cereal, supermarket brands",5327,
11034,HARVEST MORN FRUIT AND FIBRE CEREAL ONLY,"Fruit 'n' Fibre cereal, supermarket brands",5327,
3546,CRUNCHY RICE AND WHEAT FLAKES CEREAL,Crunchy oat cereal (granola) with nuts (e.g. Jordans country crisp with nuts),5328,
10813,KELLOGGS OPTIVITA NUTS & OATS BREAKFAST CEREAL,Crunchy oat cereal (granola) with nuts (e.g. Jordans country crisp with nuts),5328,
5311,BEEF CASSEROLE READY MEAL IN GRAVY AND VEG,Beef casserole,5385,
5522,BEEF HOT POT MADE WITH STEWING STEAK CARROTS CAB,Beef and vegetable stew,5385,
5736,TOMATO & MUSHROOM SAUCE,"Tomato-based pasta sauce, with mushrooms (e.g. Dolmio)",5400,
2413,CHEESE SAUCE MADE WITH WHOLE MILK,Cheese sauce,5420,
7032,CHEESE SAUCE MADE WITH CHEESE AND WHOLE MILK ONLY,Cheese sauce,5420,
8664,CHEESE SAUCE MADE WITH SKIMMED MILK,Cheese sauce,5420,
9480,CHEESE SAUCE MADE WITH S/SKIMMED MILK MADE UP PKT.,Cheese sauce,5420,
9481,CHEESE SAUCE MADE WITH SKIMMED MILK MADE UP PKT,Cheese sauce,5420,
8629,CHEESE SAUCE WITH SEMI SKIMMED MILK +EMMENTAL,Cheese sauce,5420,
8937,CHEESE SAUCE PACKET MIX MADE UP WITH WHOLE MILK,Cheese sauce,5420,
7039,"CHEESE SAUCE MADE WITH SEMI-SKIMMED MILK, NO FAT",Cheese sauce,5420,
2727,"DUCK, CRISPY CHINESE, MEAT ONLY",Chinese crispy duck (including pancake and sauce),5421,
2728,"PANCAKES, SERVED WITH DUCK, CRISPY, CHINESE ONLY",Chinese crispy duck (including pancake and sauce),5421,
5502,"RIBENA JUICE DRINK RTD ORANGE, NOT LIGHT","Ribena original squash, with ADDED SUGAR, not diluted",5498,
5500,"RIBENA REALLY LIGHT NO ADDED SUGAR CONC, NOT RIBENA LIGHT BERRY BURST","Ribena original squash, with ADDED SUGAR, not diluted",5498,
5010,"VINE LEAVES STUFFED WITH RICE AND ONION, CANNED",Stuffed vine leaves,5527,
374,"SPONGE CAKE WITH MARGARINE, JAM FILLING, HOMEMADE","Sponge cake with buttercream filling, iced (e.g. birthday cake)",5534,
9548,SPONGE CAKE MADE WITH BUTTER,"Sponge cake with buttercream filling, iced (e.g. birthday cake)",5534,
3905,"CHOCOLATE SPONGE CAKE MADE WITH BUTTER, HOMEMADE BUTTER ICING","Sponge cake with buttercream filling, iced (e.g. birthday cake)",5534,
9556,SPONGE CAKE M WITH PUFA AND WATER ICING,"Sponge cake with buttercream filling, iced (e.g. birthday cake)",5534,
8647,"SPONGE CAKE HOMEMADE, PUFA MARGARINE, JAM & GLACE ICING","Sponge cake with buttercream filling, iced (e.g. birthday cake)",5534,
8858,LEMON SPONGE CAKE MADE WITH PUFA MARGARINE ICED,"Sponge cake with buttercream filling, iced (e.g. birthday cake)",5534,
308,"SPONGE CAKE CHOCOLATE WITH MARGARINE NOT PUFA, BUTTER ICING, HOMEMADE","Sponge cake with buttercream filling, iced (e.g. birthday cake)",5534,
378,SPONGE NOT W/MEAL NOT CHOC WITH MARG BUTTER ICING,"Sponge cake with buttercream filling, iced (e.g. birthday cake)",5534,
9588,"CHOCOLATE SPONGE MADE WITH PUFA, NO ICING, HOMEMADE","Sponge cake with buttercream filling, iced (e.g. birthday cake)",5534,
8552,SPONGE CAKE NO FAT WITH FRESH CREAM HOMEMADE,"Sponge cake with buttercream filling, iced (e.g. birthday cake)",5534,
10527,MONSTER ORIGINAL ENERGY DRINK,Energy drink (e.g. Monster),5545,
10460,ROCKSTAR ENERGY DRINK,Energy drink (e.g. Monster),5545,
10303,ROCKSTAR JUICED ENERGY DRINK CARBONATED,Energy drink (e.g. Monster),5545,
10736,"FUEL ENERGY DRINK WITH CAFFEINE, TAURINE, B VITS",Energy drink (e.g. Red bull),5545,
10583,NO FEAR ENERGY DRINK FORTIFIED,Energy drink (e.g. Monster),5545,
6771,AUBERGINE & POTATO CURRY FRIED IN GHEE,Aubergine & potato curry (e.g. brinjal aloo),5559,
5924,"PAVLOVA/ MERINGUE, NOT FRUIT FILLED E.G. TOFFEE/ CHOCOLATE, PURCHASED",Pavlova with fruit and cream,5581,
7697,CREAM DESSERTS WITH FRUIT EG MB POTSHOTS,Pavlova with fruit and cream,5581,
1362,CHICKEN CURRY KORMA STYLE WITH CREAM OR COCONUT,"Chicken korma, curry",5582,
6988,"CHICKEN CURRY, KORMA STYLE, WITH CREAM OR COCONUT SAUCE, NO RICE TAKEAWAY","Chicken korma, curry",5582,
6504,CELERY AND ONION SOUP,Celery soup,5607,
5708,ONION SOUP - HOMEMADE,Vegetable soup,5607,
5712,BEEF IN OYSTER SAUCE GREEN PEPPERS AND ONIONS,Beef stir fry (meat and vegetables),5617,
2719,BEEF STIR FRY WITH GREEN PEPPERS AND BLACKBEAN SAUCE,Beef stir fry (meat and vegetables with sauce),5617,
1332,MEAT CHOP SUEY PORK BEEF LAMB,Meat chop suey,5617,
2957,"CHICKEN CURRY, LOW FAT WITH COCONUT, TOMATO AND RICE","Chicken curry, ready meal, with rice, reduced fat",5627,
6615,CHICKEN AND POTATO SOUP,"Chicken and vegetable soup, homemade",5668,
5871,CHICKEN AND VEG SOUP WITH CARROT POTATO AND ONION,"Chicken and vegetable soup, homemade",5668,
4338,COCK-A-LEEKIE SOUP CANNED,"Chicken and vegetable soup, homemade",5668,
2809,TUNA PASTA,Tuna pasta bake (with cheese),5694,
5898,TUNA AND PASTA BAKE READY MEAL,Tuna pasta bake (with cheese),5694,
9862,PORK STEAK CASSEROLE,Pork casserole/stew,5695,
5324,PORK CASSEROLE MADE WITH CANNED COOK-IN-SAUCE,Pork casserole/stew,5695,
1022,PORK BELLY RASHERS STEWED L&F,Pork casserole/stew,5695,
7845,CABBAGE-JANUARY KING-FRESH BOILED,Pork casserole/stew,5695,
1041,PORK L&F GRAVY CARROT ONION,Pork casserole/stew,5695,
1042,PORK LEAN GRAVY CARROT ONION,Pork casserole/stew,5695,
3899,"CARROT CAKE WITH SOFT CHEESE ICING, HOMEMADE","Carrot cake, with icing",5722,
10130,"NUTRIGRAIN ELEVENSES BARS, FORTIFIED, ANY, NOT CARROT",Kellogg's Nutrigrain bar,5770,
10286,NUTRIGRAIN ELEVENSES CARROT CAKE BAR,Kellogg's Nutrigrain bar,5770,
1840,POTATO CURRY,"Potato curry, with tomatoes",5790,
8083,TARKA OR TADKA DAHL PURCHASED OR TAKEAWAY,Lentil dahl / Tarka dahl,5823,
3967,LAMB KEBAB WITH POTATO,"Lamb kebab (meat, pitta and salad)",5930,
6821,FISH CURRY,Fish curry,5941,
1597,CURRIED WHITE FISH,Fish curry,5941,
1598,CURRIED OILY FISH,Fish curry,5941,
5691,VITAMIN B6 CAPSULE 40MG,Vitamin B6 (20mg),5960,
8541,BISCUITS WITH CREAM AND JAM,Biscuits filled with jam and cream (e.g. happy faces),5970,
411,MELTING MOMENTS HOMEMADE,Viennese whirls (e.g. Mr Kipling),5970,
8069,LEMON SLICES ICING LOW FAT PURCHASED ONLY,"Cake slice, reduced fat (e.g. Weight Watchers)",6061,
8025,CHICKEN BHUNA TAKEAWAY OR PURCHASED,"Chicken bhuna, curry",6068,
6832,SUMMERFRUIT COMPOTE (M&S),Fruit compote,6110,
8088,WEETABIX OATIFLAKES WITH FRUIT,"Weetabix minis, fruit and nut",6132,
9698,SALMON FISHCAKES FRIED IN OLIVE OIL,Salmon fishcake,6138,
6644,SALMON FISHCAKES RETAIL,Salmon fishcake,6138,
5888,PASTA WITH VEG BAKE WITH COOK IN SAUCE MUSHROOM C,Pasta with vegetables in a cream/cheese-based sauce,6139,
8636,WON TON CHINESE SOUP,Chinese dumpling / wontons,6156,
8979,WONTON SOUP HOMEMADE,Chinese dumpling / wontons,6156,
6112,OMELETTE CHEESE & ONION FRIED IN BLENDED VEG OIL,Omelette with cheese and potato,6172,
563,SWEET PANCAKES MADE WITH WHOLE MILK,Sweet or savoury pancake,6176,
4166,"PANCAKE MADE WITH SR FLOUR, WATER AND SEMI-SKIMMED MILK, NO SUGAR",Sweet or savoury pancake,6176,
6598,AMERICAN SWEET PANCAKES MADE WITH WHOLE MILK,Sweet or savoury pancake,6176,
8627,PANCAKES MADE WITH SEMI SKIMMED MILK,Sweet or savoury pancake,6176,
5493,PANCAKES MADE WITH SUGAR & SEMI SKIMMED MILK,Sweet or savoury pancake,6176,
4061,"PANCAKES MADE WITH WHOLE MILK, FRIED IN OLIVE OIL",Sweet or savoury pancake,6176,
6033,PANCAKES MADE WITH WATER & S/SMILK DRY FRIED,Sweet or savoury pancake,6176,
10073,"CARROT CAKE NO ICING, PURCHASED","Carrot cake, without icing",6216,
9788,SIMNEL CAKE,"Carrot cake, without icing",6216,
6075,CHICKEN & BROCCOLI PASTA BAKE,Chicken pasta bake,6423,
2826,CHICKEN AND BACON PASTA GRATIN RETAIL,Chicken pasta bake,6423,
11284,TESCO FREE FROM SOYA FROMAGE FRAIS FORTIFIED WITH VITAMIN D,"Soya dessert (e.g. Alpro chocolate, caramel (including free from soya fromage frais)",6541,
4014,"CHOCOLATE MUFFINS, LOW FAT",Chocolate muffin,6597,
5996,CARROT SOUP,Carrot soup (e.g. carrot & coriander),6612,
9914,CARROT AND ONION SOUP HOMEMADE,Carrot soup (e.g. carrot & coriander),6612,
6014,CHINESE CHICKEN,Lemon chicken,6651,
6508,CHEESE ONION POTATO PIE-SHORTCRUST PASTRY,"Vegetarian pie/pasty, cheese & vegetables",6687,
3770,"PARSNIP AND POTATO CROQUETTES WITH CHEESE, OVEN BAKED E.G. TESCO","Vegetarian pie/pasty, cheese & vegetables",6687,
1325,CHILI CON CARNE,Chilli con carne,6692,
5811,CHILLI CON CARNE LEAN BEEF MINCE & CHILLI SAUCE,Chilli con carne,6692,
7779,CHILLI CON CARNE CANNED,Chilli con carne,6692,
6695,CHILLI CON CARNE LEAN BEEF KIDNEY BEANS & TOMS,Chilli con carne,6692,
5819,CHILLI CON CARNE LEAN MINCE KID BEANS TOMS&PKT MIX,Chilli con carne,6692,
5681,LAMB CORNISH PASTRY,Meat savoury pastry  (e.g. ham and cheese),6752,
8808,STEAK PIE PUFF PASTRY 2 CRUSTS,Meat savoury pastry  (e.g. ham and cheese),6752,
5520,STEAK PIE PUFF PASTRY TOP ONLY (LEAN MEAT),Meat savoury pastry  (e.g. ham and cheese),6752,
1314,STEAK & KID PIE 2 CRUSTS S/C PASTRY NOT IND. OR CA,Meat savoury pastry  (e.g. ham and cheese),6752,
1322,BEEFSTEAK PUDDING SUET PASTRY,Meat savoury pastry  (e.g. ham and cheese),6752,
8177,HI BRAN BREAD,Soya and linseed bread,6756,
6134,POTATO BHAJI TAKE-AWAY,Vegetable curry bhaji,6770,
71,SAGO DRIED,Semolina,6819,
3007,ZINC CAPSULE 22MG,Zinc (15mg),6841,
10769,ZINC CAPSULES 10MG,Zinc (15mg),6841,
10456,ZINC 25MG CAPSULES/TABLETS,Zinc (15mg),6841,
10889,LIGHTER LIFE NUTRITIONALLY COMPLETE SOYA PROTEIN CHOCOLATE FLAVOUR POWDER/FOODPACK FORTIFIED,Soya protein powder,6892,
10888,LIGHTER LIFE NUTRITIONALLY COMPLETE SOYA PROTEIN FRUIT FLAVOUR POWDER/FOODPACK FORTIFIED,Soya protein powder,6892,
9499,LIGHTER LIFE TOTAL BALANCE SOYA PROTEIN POWDER FORTIFIED,Soya protein powder,6892,
8596,BEEF CHICKEN AND PORK SATAY,Pork satay,6908,
3034,BANOFFEE CHEESECAKE,Banoffee pie,6965,
5398,APPLE PIE MADE WITH ALL BUTTER PASTRY,"Fruit pie, slice from large pie, double crust",6967,
9893,"CHERRY PIE, TWO CRUSTS, PURCHASED","Fruit pie, slice from large pie, double crust",6967,
526,FRUIT PIE 2 CRUST PASTRY MARG,"Fruit pie, slice from large pie, double crust",6967,
524,FRUIT PIE 1 CRUST (MARG & CCF),"Fruit pie, slice from large pie, double crust",6967,
529,FRUIT PIE 2 CRUST (MARG & CCF),"Fruit pie, slice from large pie, double crust",6967,
523,FRUIT PIE ONE CRUST PASTRY MADE WITH LARD/MARG,"Fruit pie, slice from large pie, double crust",6967,
536,BL'CURR PIE 2 CRUST (MARG),"Fruit pie, slice from large pie, double crust",6967,
6970,"ICE CREAM, STANDARD, NON DAIRY (MADE WITH WHEY PROTEINS), CHOCLATE ONLY, SOFT SCOOP",Soft scoop chocolate ice cream,6972,
373,SCOTCH PANCAKES,Scotch pancake/drop scone,6975,
2742,BENECOL LIGHT CREAM CHEESE SPREAD,"Soft cheese, reduced fat (e.g. Philadelphia Light/Extra Light)",6979,
6982,"COFFEE WHITENER , LIQUID (SKIMMED MILK AND NON MILK FAT)","Coffee creamer, liquid (e.g. liquid coffee compliment, Cafe Maid)",6983,
10817,VERY LOW FAT CRÈME FRAICHE,"Creme fraiche, reduced fat",6985,
3980,"COOK IN SAUCE, INDIAN, KORMA/TIKKA MASALA ONLY, CANNED","Chicken tikka masala, curry",6989,
3157,LOW FAT CHICKEN TIKKA MASALA WITH RICE E.G. SAINSBURYS BGTY,"Chicken tikka masala, curry",6989,
3878,LAMB CURRY WITH POTATOES AND ONIONS,"Lamb curry, take away",6990,
6994,SESAME PRAWN TOASTS,Prawn crackers,6992,
6998,"CIDER, VINTAGE, CANNED",Vintage cider,6999,
5341,TEA HERB AND FRUIT MIX AS SERVED NO MILK,Herbal/ Fruit tea,7000,
3792,"INSTANT HERBAL FRUIT TEA, DRY WEIGHT, EG WHITTARDS",Herbal/ Fruit tea,7000,
5340,TEA FRUIT ONLY AS SERVED NO MILK,Herbal/ Fruit tea,7000,
6842,GINSENG CAPSULES/TABLETS,Herbal/ Fruit tea,7000,
865,SOFT MARGARINE POLYUNSATURATED NOT LOW FAT,Flora Buttery spread/margarine,7027,
2842,"WHEAT GRAINS, COOKED E.G. EBLY",Bulgar wheat,7028,
6342,RED PEPPER & GOATS CHEESE SLICE,Goats cheese,7057,
5289,CHICKEN STIR FRIED WITH PEPPERS IN BLACK BEAN SAUCE,Chicken in a black bean sauce,7217,
3788,CHICKEN IN BLACKBEAN SAUCE WITH EGG FRIED RICE EG. SAINSBURYS BGTY,Chicken in a black bean sauce,7217,
7229,"POTATO FARL, PURCHASED, TOASTED OR GRILLED",Potato farl/cake,7227,
1881,POTATO WAFFLE FRIED LARD,"Potato farl/cake, fried",7232,
9134,ASDA POTATO SCONES FRIED IN VEGETABLE OIL,"Potato farl/cake, fried",7232,
6837,MIGNONS MORCEAUX (GARLIC BREAD BASED SAVOURY SNACKS E.G. SAINSBURY'S),Garlic bread,7615,
7618,BREAD OATMEAL TOASTED,Oatmeal bread,7617,
169,ROLL GRANARY BROWN WHEATGERM TOASTED,"Bread roll, granary/wheatgerm",7621,
7620,ROLLS BROWN GRANARY WHEATGERM CRUSTY,"Bread roll, granary/wheatgerm",7621,
10778,"BREAD ROLLS, WHITE WITH ADDED WHEATGERM","Bread roll, granary/wheatgerm",7621,
8142,WHITE AND WHOLEMEAL BREAD ROLLS,"Bread roll, granary/wheatgerm",7621,
10779,"BREAD ROLLS, 50% WHITE AND 50% WHOLEMEAL FLOURS","Bread roll, granary/wheatgerm",7621,
3008,HONEY & NUT BRAN FLAKES OWN BRAND,"Bran Flakes, supermarket brands",7623,
4084,OAT AND BRAN FLAKES NO ADDITIONS OWN BRAND EG SAINSBURYS,"Bran Flakes, supermarket brands",7623,
11270,BRANFLAKES ONLY WEETABIX,Weetabix crunchy bran,7623,
20041,SAINSBURY'S BRAN FLAKES ONLY,"Bran Flakes, supermarket brands",7623,
8183,WEETABIX CRUNCHY BRAN - PREVIOUSLY ALPEN CRUNCHY BRAN,Weetabix crunchy bran,7623,
11202,MORNFLAKE ORIGINAL OATBRAN FLAKES,"Bran Flakes, supermarket brands",7623,
10197,CORNFLAKE TYPE CEREALS FROSTED UNFORTIFIED,"Frosted Flakes cereal, supermarket brands",7626,
10374,TESCO SPECIAL FLAKES BREAKFAST CEREAL,"Frosted Flakes cereal, supermarket brands",7626,
8460,"MALTED FLAKE BREAKFAST CEREAL OWN BRAND, FORTIFIED","Frosted Flakes cereal, supermarket brands",7626,
10435,CRISP FLAKE CEREAL WITH FRUIT AND NUTS FORTIFIED,"Frosted Flakes cereal, supermarket brands",7626,
10322,MORRISONS TRIM FLAKES BREAKFAST CEREAL,"Frosted Flakes cereal, supermarket brands",7626,
4037,"STARTING RIGHT CEREAL, ASDA","Frosted Flakes cereal, supermarket brands",7626,
11300,TESCO RICE SNAPS CEREAL AND MILK BARS FORTIFIED,"Rice Krispies, supermarket brands (e.g. Rice Snaps/Pops)",7630,
11028,NESTLE CHOCOLATEY CHEERIOS,Nestle Cheerios,7637,
11056,CHEWY TOFFEE POPCORN BAR EG WEIGHT WATCHERS,Chewy cereal bar (e.g. Harvest chewee),7656,
10467,NESTLE OATS AND MORE CEREAL BARS FORTIFIED,Chewy cereal bar (e.g. Harvest chewee),7656,
7966,TRACKER BAR PEANUT,Chewy cereal bar (e.g. Harvest chewee),7656,
11327,OSHEE VITAMIN MUESLI BAR,Chewy cereal bar (e.g. Harvest chewee),7656,
9770,OATMEAL COOKIES AND BISCUITS,Chocolate Oaty biscuits (e.g. chocolate Hob nob),7658,
10536,WEETABIX OATY BARS,Chocolate Oaty biscuits (e.g. chocolate Hob nob),7658,
10516,AMERICAN STYLE CHOCOLATE CHIP COOKIES,Chocolate chip cookie,7662,
7663,COOKIES AND BISCUITS WITH CHOCOLATE AND NUTS,Chocolate chip cookie with nut,7662,
6022,COOKIES AND BISCUITS WITH NUTS,Chocolate chip cookie with nut,7662,
7967,TRACKER BAR CHOCOLATE CHIP,Chocolate chip cookie,7662,
7689,"FAIRY CAKE, PLAIN, ICED, PURCHASED","Chocolate cup cake/fairy cake, with icing",7687,
309,CHOCOLATE CUP CAKES HOMEMADE,"Chocolate cup cake/fairy cake, with icing",7687,
9768,COCONUT CAKE HOMEMADE,Coconut cake,7688,
409,COCONUT PYRAMIDS,Coconut cake,7688,
311,COCONUT TART,Coconut cake,7688,
10076,ECCLES CAKES PURCHASED,Coconut cake,7688,
337,GINGERBREAD HOMEMADE,Gingerbread/cake (including parkin),7691,
389,WELSH CHEESECAKE,Welsh cake,7692,
345,LARDY CAKE,Welsh cake,7692,
370,ROCK CAKES,Welsh cake,7692,
8551,CHOCOLATE GATEAU WITH FRESH CREAM HOMEMADE,"Chocolate gateaux, including black forest",7694,
387,WALNUT GATEAUX,"Chocolate gateaux, including black forest",7694,
5603,"RICH CHOCOLATE GATEAU, PURCHASED","Chocolate gateaux, including black forest",7694,
517,CREME CARAMEL HOMEMADE,Crème caramel,7695,
9627,CREME CARAMEL MADE W S/SKIMMED MILK,Crème caramel,7695,
11357,NESQUIK CHOC POTS ONLY,Petits Filous Little Desserts Chocolate & Vanilla,7696,
2941,CHERRY FRANZIPAN / FRANGIPANI FLAN,Fruit flan/tart,7700,
8704,APPLE BAKEWELL TART,Fruit flan/tart,7700,
347,LEMON MERINGUE PIE HOMEMADE,Lemon meringue pie,7708,
7711,MOUSSE FRUIT FLAVOURED,"Chocolate mousse, rich/luxury type (e.g. Bonne Maman, Gu)",7709,
7712,MOUSSE FROZEN PURCHASED,"Chocolate mousse, rich/luxury type (e.g. Bonne Maman, Gu)",7709,
4743,BIRDS MOUSSE MADE WITH WATER,Aero mousse,7710,
11255,SOYA ALTERNATIVE TO MILK FLAVOURED FORTIFIED,"Soya milk/drink, flavoured (e.g. Alpro chocolate, vanilla, strawberry)",7715,
10974,"SOYA ALTERNATIVE TO MILK SWEETENED CALCIUM, IRON AND VITAMIN ENRICHED","Soya milk/drink, flavoured (e.g. Alpro chocolate, vanilla, strawberry)",7715,
8170,DREAM TOPPING,"Dream topping, made up with milk",7720,
697,TIPTOP DESSERT TOPPING,"Dream topping, made up with milk",7720,
630,DREAM TOPPING MADE UP WITH WHOLE MILK,"Dream topping, made up with milk",7720,
1798,ONIONS SPRING RAW BULB ONLY,Spring onions,7722,
7985,"FROMAGE FRAIS VIRT FAT FREE, FRUIT WITH ARTIF SWEETNER","Natural fromage frais, sugar free",7741,
7735,"FROMAGE FRAIS, FULL FAT, NATURAL, UNSWEETENED","Natural yoghurt, greek- style",7741,
8228,FROZEN YOGURT SKI SOFT SERVE WALLS FRESTA,Frozen yoghurt,7757,
9109,HEINZ YOGURT DESSERT,Frozen yoghurt,7757,
9927,"ICE CREAM ALTERNATIVE, VIRTUALLY FAT FREE E.G. SKINNY COW STICK PRODUCTS","Ice cream, reduced fat",7758,
2852,"CHOC ICES, REDUCED FAT E.G. FLYTE ICE CEAM BAR","Ice cream, reduced fat",7758,
3858,"REDUCED FAT DAIRY ICE CREAM, MCDONALD'S ONLY","Ice cream, reduced fat",7758,
782,SCRAMBLED EGG MILK NO FAT,"Egg, fried without fat",7763,
864,SOFT MARGARINE NOT PUFA NOT LOW FAT,"Buttery-taste spread/margarine, supermarket brands",7775,
3889,"SOFT MARGARINE, NOT POLYUNSATURATED, LOW IN TRANS","Buttery-taste spread/margarine, supermarket brands",7775,
4057,COD BAKED OR GRILLED WITH OLIVE OIL,Cod grilled or oven baked,7798,
1403,COD BAKED WITH BUTTER,Cod grilled or oven baked,7798,
7812,HADDOCK IN BREADCRUMBS FRIED IN BLENDED VEG OIL,"Haddock in breadcrumb/batter, fried",7815,
7807,HADDOCK COATED IN BATTER FRIED IN BLEND VEG OIL,"Haddock in breadcrumb/batter, fried",7815,
7808,HADDOCK COATED IN BATTER FRIED IN BLENDED VEG OIL TAKEAWAY,"Haddock in breadcrumb/batter, fried",7815,
7811,HADDOCK IN BATTER FRIED IN PUFA OIL,"Haddock in breadcrumb/batter, fried",7815,
7816,HADDOCK COATED IN FLOUR FRIED IN BLENDED VEG OIL,"Haddock in breadcrumb/batter, fried",7815,
9258,HADDOCK FROZEN BREADCRUMBS FRIED BLENDED OIL,"Haddock in breadcrumb/batter, fried",7815,
1468,PLAICE IN BATTER FRIED IN COMMERCIAL BLENDED OIL,"Plaice in breadcrumb, fried",7815,
9974,LEMON SOLE IN BATTER (M&S) FRIED IN FLORA,Lemon sole in breadcrumb/batter,7815,
9260,PLAICE FROZEN BREADCRUMBS FRIED BLENDED OIL,"Plaice in breadcrumb, fried",7815,
1469,PLAICE IN CRUMBS FRIED BLENDED,"Plaice in breadcrumb, fried",7815,
7822,PLAICE BAKED/GRILLED WITH BUTTER NO BONES/SKIN,"Plaice, grilled or oven baked",7821,
1728,CHICORY FRESH RAW,"Chicory, cooked",7848,
7987,PEPPERS-YELLOW/BLACK/WHITE-RAW,"Mixed peppers, raw",7857,
11102,PEPPERS YELLOW FRESH RAW,"Mixed peppers, raw",7857,
9523,VEGETABLE KIEV,"Vegetarian pie/pasty, vegetables only",7859,
7870,CRINKLE CRISPS EG SMITHS WALKERS RUFFLES,"Crinkle-cut crisps (e.g. McCoy's, Seabrooks)",7868,
9369,DRINKING CHOCOLATE REDUCED FAT DRY WT NOT INSTANT,"Low calorie drinking chocolate powder, instant",7890,
2633,FAT REDUCED DRINKING CHOCOLATE DRY WT INSTANT,"Low calorie drinking chocolate powder, instant",7890,
11253,OVALTINE CHOCOLATE LIGHT INSTANT LOW FAT DRY WEIGHTS,"Low calorie drinking chocolate powder, instant",7890,
7892,BABY PURE FRUIT JUICE CONCENTRATE FORTIFIED WITH VITAMIN C,"Infant and toddler fruit juice and water drink, ready to drink, with added vit C",7893,
4359,BABY PURE FRUIT JUICE RTD,"Infant and toddler fruit juice and water drink, ready to drink, with added vit C",7893,
8319,HERBAL INFANT DRINK READY TO DRINK,"Infant and toddler fruit juice and water drink, ready to drink, with added vit C",7893,
7894,COLA CHERRY COLA CANNED NOT LOW CALORIE,Coca-Cola/Coke/Pepsi,7895,
10169,DIET COKE PLUS VITAMINS,"Diet Coca-Cola, e.g. Coke Zero, Pepsi Max",7897,
7896,COLA CHERRY COLA LOW CALORIE OR ZERO CANNED NOT CAFFEINE FREE,"Diet Coca-Cola, e.g. Coke Zero, Pepsi Max",7897,
8323,COLA LOW CALORIE CAFFEINE FREE NOT CANNED,"Diet Coca-Cola, e.g. Coke Zero, Pepsi Max",7897,
7898,CARBONATED LEMONADE CANNED LOW CALORIE,Diet lemonade,7899,
9994,7-UP LIGHT LOW CALORIE BOTTLED,7 up / Sprite,7901,
9993,7-UP NOT CANNED NOT LOW CALORIE,7 up / Sprite,7901,
9991,7 UP CANNED NOT LOW CAL,7 up / Sprite,7901,
8326,IRN BRU LOW CALORIE CANNED,Diet irn bru,7903,
8327,IRN BRU LOW CALORIE NOT CANNED,Diet irn bru,7903,
5101,WATER FOR CONCENTRATED SOFT DRINKS NOT DIET CODE 5101,"Tonic water, slimline",7903,
2651,SUPER CONCENTRATED FRUIT DRINK NOT LOW CALORIE,"High juice fruit squash, with ADDED SUGAR, not diluted",7911,
9005,LEMON SQUASH CONCENTRATE HOMEMADE,"High juice fruit squash, with ADDED SUGAR, not diluted",7911,
9997,"FRUIT DRINK CONC NOT B/C NOT LOW CAL, ASDA AND SAINSBURY BRANDS ONLY","High juice fruit squash, with ADDED SUGAR, not diluted",7911,
7915,"FRUIT DRINK CONC B/C NOT LOW CAL, NOT ASDA OR SAINSBURY OWN BRANDS","High juice fruit squash, with ADDED SUGAR, not diluted",7911,
9996,"FRUIT DRINK CONC BLACKCURRANT NOT LOW CALORIE, ASDA OR SAINSBURY OWN BRANDS ONLY","High juice fruit squash, with ADDED SUGAR, not diluted",7911,
6961,"ROBINSONS ORIGINAL FRUIT CONCENTRATES, NOT NAS","High juice fruit squash, with ADDED SUGAR, not diluted",7911,
7929,CARTON SOUP OTHER READY SERVE,"Tomato soup (without cream), carton",7927,
2482,TOMATO SOUP PACKET MADE UP,"Tomato soup (without cream), carton",7927,
10640,PURE FRUIT PUREES NAS ANY FLAVOUR READY TO EAT (ADDED VIT C 0-10MG),"Pure fruit puree, (6mth+), ready to eat pot or pouch",7947,
10639,PURE FRUIT PUREES NAS ANY FLAVOUR READY TO EAT (ADDED VIT C OVER 20MG),"Pure fruit puree, (6mth+), ready to eat pot or pouch",7947,
7948,PURE FRUIT COW AND GATE ONLY NO ADDED SUGAR ANY FLAVOUR READY TO EAT,"Pure fruit puree, (6mth+), ready to eat pot or pouch",7947,
11024,PKU LOPHLEX LQ,"Pure fruit puree, (6mth+), ready to eat pot or pouch",7947,
8372,CHOCOLATE COVERED NUTS AND RAISINS,Milk chocolate raisins,7958,
8141,DARK CHOCOLATE COATED COFFEE BEANS,Milk chocolate raisins,7958,
9274,WHITE CHOCOLATE COATED RAISINS,Milk chocolate raisins,7958,
10427,CHOCOLATES FANCY AND FILLED,Candy coated chocolate drops (e.g. mini eggs),7961,
8306,FISHERMANS FRIENDS,Coated chewy sweets (e.g Skittles),7965,
6181,THROAT LOZENGES SUGAR FREE E.G HALLS,"Sugar-free sweets (including mints, throat lozenges)",7968,
10707,WERTHERS ORIGINAL CANDIES SUGAR FREE,"Sugar-free sweets (including mints, throat lozenges)",7968,
8646,SUGAR FREE FRUIT GUMS EG. BOOTS,"Chewing gum, sugar free",7970,
8304,CLEAR MINTS,Extra strong mints,7982,
8303,CHEWY MINTS (MILD),Soft-centred mints (e.g. Mentos),7983,
8309,TIC TAC,Soft-centred mints (e.g. Mentos),7983,
10987,SOYA BEAN OIL,Vegetable oil (e.g. rapeseed),7990,
10157,JELLY MADE UP WITH WATER WITH ADDED VITAMIN C,"Jelly, no added sugar (not made up)",8003,
8714,BUTTERCREAM ICING MADE WITH PUFA MARGARINE,Icing,8007,
6785,MACARONI CHEESE SEMI SKIM MILK & REDUCED FAT SPREA,"Low-fat macaroni cheese, ready meal",8011,
6463,WHOLEMEAL BREAD SESAME SEEDS SUNFLOWER SEEDS OLIVE,Multiseed wholemeal bread,8019,
11285,M&S SUPER SEEDED BREAD ONLY,Multiseed wholemeal bread,8019,
8124,KELLOGGS OPTIVITA CEREAL BAR FORTIFIED,"Cereal bar, low calorie (e.g. Alpen light bar)",8022,
9751,FRUIT JUICE AND WINE DRINKS,"Mixed fruit juice drink, ready to drink, no added sugar (e.g. Oasis zero)",8029,
5113,RTD FRUIT FLAVOUR LOW CAL DRINK,"Mixed fruit juice drink, ready to drink, no added sugar (e.g. Oasis zero)",8029,
8442,KELLOGGS NUTRIGRAIN OAT BAKED BARS,"Cereal bar, plain (e.g. Nature Valley)",8044,
8042,CAPPUCCINO (ESPRESSO AND WHOLE MILK) TAKEAWAY ONLY,Cappuccino coffee made with skimmed milk (skinny cappuccino),8048,
9060,MACARONI CHEESE PIE SCOTCH PIE SHELL PURCH.,Macaroni cheese pie,8049,
5244,SLICED LAMB ROAST DINNER,"Roast lamb dinner, ready meal",8067,
5319,LAMB HOT POT WITH POTS READY MEAL,"Roast lamb dinner, ready meal",8067,
1014,LAMB FAT AVERAGE COOKED,"Roast lamb dinner, ready meal",8067,
9437,LAMB RACK/BEST END NECK/ CROWN ROAST LEAN AND FAT,"Roast lamb dinner, ready meal",8067,
10497,LAMB BHUNA PURCHASED,"Roast lamb dinner, ready meal",8067,
11252,RICE CRISPY CUBES FORTIFIED,Kellogg's Rice krispie squares,8070,
1308,SAUSAGE ROLL SHORTCRUST PASTRY PURCHASED,Sausage roll,8071,
10350,SAUSAGE ROLLS PURCHASED REDUCED FAT,Sausage roll,8071,
1306,SAUSAGE ROLL FLAKY PASTRY,Sausage roll,8071,
3193,PORK SAUSAGE SNACK BAR,Sausage roll,8071,
1307,SAUSAGE ROLL SHORTCRUST PASTRY,Sausage roll,8071,
8133,DRIED REDCURRANTS,Dried red fruits (e.g. redcurrants),8077,
2011,CURRANTS DRIED WEIGHT,Dried red fruits (e.g. redcurrants),8077,
10483,VITAFIT MULTIVITAMIN 11 FRUIT JUICE,"Fruit juice, fortified with multivitamins (e.g. Tropicana Essentials), 100% juice",8082,
10418,ALDI MULTIVITAMIN FRUIT JUICE DRINK NAS,"Fruit juice, fortified with multivitamins (e.g. Tropicana Essentials), 100% juice",8082,
11076,FRUIT JUICE DRINK WITH ADDED MULTIVITAMINS EG TARCZYN,"Fruit juice, fortified with multivitamins (e.g. Tropicana Essentials), 100% juice",8082,
3898,"FRUIT JUICE DRINKS, FORTIFIED RTD NOT NAS/ REDUCED SUGAR","Fruit juice, fortified with multivitamins (e.g. Tropicana Essentials), 100% juice",8082,
1939,"TOMATOES, CANNED, WHOLE CONTENTS","Tomatoes, canned",8085,
1379,INDIV STEAK & KIDNEY PIE FLAKY,"Steak pie, individual (including steak and kidney)",8087,
1378,INDIVIDUAL STEAK PIE FLAKY PUR,"Steak pie, individual (including steak and kidney)",8087,
1310,STEAK PIE PASTRY TOP & BOTTOM,"Steak pie, individual (including steak and kidney)",8087,
1377,STEAK & KIDNEY PIE 2 CRUST S/C,"Steak pie, individual (including steak and kidney)",8087,
1313,STEAK & KIDNEY PIE 2 CRUSTS INDIV. S/C PAST,"Steak pie, individual (including steak and kidney)",8087,
4857,STEAK & KIDNEY PIE FILLING CAN,"Steak pie, individual (including steak and kidney)",8087,
1312,STEAK & KIDNEY PIE PASTRY TOP,"Steak pie, individual (including steak and kidney)",8087,
10124,STEAK AND ALE PIE CANNED,"Steak and ale pie, canned",8087,
1241,STEAK AND KIDNEY PIE CANNED,"Steak pie, individual (including steak and kidney)",8087,
4059,"STEAK AND MUSHROOM PIE, CANNED EG FRAY BENTOS","Steak pie, individual (including steak and kidney)",8087,
8731,STEAK PIE LEAN TWO CRUSTS SHORTCRUST PUFA MARG,"Steak pie, individual (including steak and kidney)",8087,
1309,STEAK PIE PASTRY TOP ONLY,"Steak pie, individual (including steak and kidney)",8087,
3995,"PASTA, EGG, FRESH, FILLED WITH CHEESE AND TOMATO ONLY","Filled pasta, cheese and vegetables (e.g spinach and ricotta tortelloni)",8093,
3994,"PASTA, EGG, FRESH, FILLED WITH CHEESE ONLY, BOILED","Filled pasta, cheese and vegetables (e.g spinach and ricotta tortelloni)",8093,
8175,TORTELLINI WITH CHEESE,"Filled pasta, cheese and vegetables (e.g spinach and ricotta tortelloni)",8093,
3996,"PASTA, EGG, FRESH, FILLED, WITH MUSHROOMS, BOILED","Filled pasta, mushroom (e.g. ravioli)",8093,
5883,CORONATION CHICKEN,"Chicken mayonnaise sandwich fillers (e.g. chicken and sweetcorn, tikka, coronation)",8098,
5638,CHICKEN TIKKA SANDWICH FILLING,"Chicken mayonnaise sandwich fillers (e.g. chicken and sweetcorn, tikka, coronation)",8098,
3768,"CHICKEN TIKKA SANDWICH FILLING, LOW FAT E.G. ASDA","Chicken mayonnaise sandwich fillers (e.g. chicken and sweetcorn, tikka, coronation)",8098,
8608,TUNA IN CORONATION STYLE DRESSING,"Tuna mayonnaise, shop-bought",8099,
8206,"CUSTARD LOW FAT, READY TO SERVE, CANNED","Custard, low fat",8100,
10254,NESTLE OATS AND MORE RAISIN CEREAL,Nestle Oat Cheerios (low sugar),8103,
8163,NESTLE HONEY OATS AND MORE FORTIFIED,Nestle Oat Cheerios (low sugar),8103,
9803,APPLE CAKE MADE WITH BUTTER,"Fruit cake, rich, without icing",8105,
334,FRUIT CAKE PLAIN HOMEMADE,"Fruit cake, rich, without icing",8105,
331,RICH FRUIT CAKE HOMEMADE NOT ICED,"Fruit cake, rich, without icing",8105,
5312,BEEF CURRY FROZEN/CHILLED READY MEAL NO RICE,"Beef curry, takeaway",8107,
1318,BEEF CURRY VESTA NO RICE,"Beef curry, takeaway",8107,
6758,BEEF CURRY WITH CURRY SAUCE AND ONION,"Beef curry, made with ready made sauce",8107,
8010,"BEEF CURRY, TINNED ONLY","Beef curry, made with ready made sauce",8107,
8126,GUACAMOLE REDUCED FAT PURCHASED,Guacamole,8121,
7675,"HOT CROSS BUNS, CURRANT BUNS,  WHOLEMEAL",Fruit bun/bread (e.g. currant),8123,
407,WHOLEMEAL FRUIT BUN,Fruit bun/bread (e.g. currant),8123,
10454,HOT CROSS BUNS LIGHT/LOW CALORIE PURCHASED,Hot cross bun,8123,
408,ICED BUN HOMEMADE,Iced bun,8125,
10675,"COW AND GATE INFANT PASTA, COOKED, FORTIFIED, ALL TYPES","Tomato and cheese pasta, toddler meal (e.g. Heinz, Little Dish)",8128,
10942,"COW AND GATE TODDLER MEALS STAGE 3 (10MTH) VEGETABLE BASED, FORTIFIED","Tomato and cheese pasta, toddler meal (e.g. Heinz, Little Dish)",8128,
11045,KELLOGGS ALL BRAN BREAKFAST BISCUITS,Kelloggs Special K Biscuit Moments,8136,
8616,SAINSBURYS FRUIT AND YOGURT BALANCE BAR FORTIFIED,Yoghurt coated biscuit bar (e.g. Go Ahead Yoghurt break),8136,
10216,SPECIAL K MINI BREAKS,Kelloggs Special K Biscuit Moments,8136,
10772,SEEDED OR MULTISEED BAGELS TOASTED,"Bagel, seeded",8143,
5471,DONER KEBAB WITH PITTA READY PURCHASED GENDALE IC,Doner kebab (meat and pitta only),8146,
1343,KOFTE KEBAB,Doner kebab (meat and pitta only),8146,
620,MILK DRIED SKIMMED WITH ADDED VIT,Dried skimmed milk powder,8149,
696,"MILK, SKIMMED, DRIED, WITH NON MILK FAT, MADE UP",Dried skimmed milk powder,8149,
621,MILK DRIED SKIMMED WITH ADDED NON MILK FAT,Dried skimmed milk powder,8149,
695,"MILK, SKIMMED, DRIED, WITH ADDED VITAMINS, MADE UP",Dried skimmed milk powder,8149,
546,CUSTARD READY TO SERVE CANNED,"Custard, ready to eat, individual pots",8152,
549,CUSTARD WITH POWDER SKIMMED MILK AND SUGAR,"Custard, ready to serve",8152,
6960,"CUSTARD, FRESH, FULL FAT, PURCHASED","Custard, ready to serve",8152,
10649,"FRUITY CUSTARD POTS, ANY FLAVOUR, STAGE 3, WITH VIT C (NOT WITH RICE)","Custard, ready to eat, individual pots",8152,
2488,SOUP OTHER CONDENSED (WATER),"Low calorie soup (condensed), canned, not made up",8153,
10271,SEAFOOD COCKTAIL SANDWICH FILLER,Prawn/seafood cocktail sandwich/deli filler,8154,
10414,VOGEL SOYA AND LINSEED CEREAL FORTIFIED,Crunchy oat cereal (granola) without nuts or fruit (e.g. Quaker oat granola golden crunch),8156,
11262,WEETABIX PROTEIN CRUNCH,Crunchy oat cereal (granola) without nuts or fruit (e.g. Quaker oat granola golden crunch),8156,
5752,OAT FLAPJACK DIPPED IN CHOCOLATE,"Flapjack, coated in chocolate/yoghurt",8160,
5496,SHORTBREAD MADE WITH MARGARINE,Shortbread,8162,
8120,CRISPBREADS WHOLEGRAIN AND SEEDED,Shortbread,8162,
271,SHORTBREAD HOMEMADE NOT WHOLEMEAL,Shortbread,8162,
8910,"BOULDERS BREAKFAST CEREAL,TESCO'S",Boulder type cereal (e.g. Nestle Golden Nuggets),8169,
10234,WHOLE EARTH PERFECT BALANCE CEREAL,Boulder type cereal (e.g. Nestle Golden Nuggets),8169,
8151,ASDA GOLDEN BALLS CEREAL FORTIFIED,Boulder type cereal (e.g. Nestle Golden Nuggets),8169,
10330,KELLOGGS SPECIAL K OATS AND HONEY,Nestle Gluten Free Honey Flakes,8169,
10879,NESTLE GOLDEN GRAHAMS,Boulder type cereal (e.g. Nestle Golden Nuggets),8169,
8366,CROISSANT WITH A SAVOURY FILLING,Almond croissants,8176,
5204,KELLOGGS FROSTED WHEATS,"Frosted Wheats/Shreddies (e.g. Kellogg's, Nestle)",8182,
222,SHREDDIES ANY BRAND NOT FROSTED NOT COCO,"Frosted Wheats/Shreddies (e.g. Kellogg's, Nestle)",8182,
264,HOMEMADE BISCUITS - CREAMING METHOD,All butter biscuits (e.g. Petit Beurre),8191,
8198,CRUNCH BISCUIT WITH CREAM FILLING,"Chocolate coated biscuit with cream filling (e.g. Penguin, Club)",8193,
10540,PENGUIN CHOCOLATE BISCUIT BARS WITH CALCIUM CARBONATE,"Chocolate coated biscuit with cream filling (e.g. Penguin, Club)",8193,
8057,CARAMEL WAFER BAR COVERED IN CHOCOLATE,"Chocolate coated wafer with cream or caramel filling  (e.g. Blue Ribband, caramel wafer)",8194,
11316,TUNNOCKS CHOCOLATE CARAMEL WAFERS,"Chocolate coated wafer with cream or caramel filling  (e.g. Blue Ribband, caramel wafer)",8194,
11315,FOXES CRINKLE CRUNCH BUTTER BISCUITS,Crunchy biscuit (e.g. Foxes crunch biscuit),8196,
7714,MARS BAR MILK,Mars Bar milk drink,8212,
11037,PUCHATEK CHOCOLATE DRINK FORTIFIED,"Milkshake / Milk drink, chocolate flavour",8212,
10850,"MILKSHAKE PURCHASED MADE WITH SEMI-SKIMMED MILK, FORTIFIED","Milkshake made with powder and milk, chocolate",8215,
3554,MILKSHAKE WITH SKIMMED MILK + ARTIFICIAL SWEETENERS,"Milkshake made with powder and milk, chocolate",8215,
10256,"FLAVOURED MILK DRINKS, NAS, MADE WITH SEMI-SKIMMED MILK","Milkshake made with powder and milk, chocolate",8215,
8245,BACON RASHERS OTHER CUT SMOKED GRILLED LEAN & FAT,"Bacon, back/middle, smoked, grilled (including fat)",8238,
8247,BACON RASHERS CUT UNSPEC SMOKED GRILLED LEAN & FAT,"Gammon steak, smoked, grilled (fat removed)",8240,
8239,RASHERS GAMMON SMOKED GRILLED L&F,"Gammon steak, smoked, grilled (fat removed)",8240,
6924,GLAZED BAKED GAMMON,"Gammon steak, smoked, grilled (fat removed)",8240,
9413,BACON STEAKS CHOPS LOIN NOT SMOKED GRILLED,"Bacon, streaky, smoked, grilled",8244,
9414,SMOKED BACON STEAKS/CHOPS,"Bacon, streaky, smoked, grilled",8244,
11196,COOKED SMOKED BACON STRIPS E.G. TESCO,"Bacon, streaky, smoked, grilled",8244,
8232,BACON COLLAR SMOKED BOILED L&F,"Bacon, streaky, smoked, grilled",8244,
8242,RASHERS MIDDLE SMOKED GRILLED L&F,"Bacon, streaky, smoked, grilled",8244,
9411,SMOKEMOKED BACON GRILLED OR DRY FRIED RED SALT/FAT,"Bacon, smoked, fried (including fat)",8246,
8241,RASHERS MIDDLE SMOKED FRIED LEAN AND FAT,"Bacon, smoked, fried (including fat)",8246,
8243,RASHERS STREAKY SMOKED FRIED LEAN AND FAT,"Bacon, smoked, fried (including fat)",8246,
8237,RASHERS BACK SMOKED FRIED L&F,"Bacon, smoked, fried (including fat)",8246,
8250,CHICKEN BREAST COATED EGG & CRUMBS PURCHASED FRIED IN BLENDED VEG OIL,"Breaded/coated chicken breast fillet, fried",8254,
8253,CHICKEN BREAST COATED PURCHASED FRIED IN P/S OIL NO BONES,"Breaded/coated chicken breast fillet, fried",8254,
5217,LAMB BURGER,Lamb burger (no bun),8264,
6236,BEEF RISSOLES,Beef rissoles,8266,
8265,BEEFBURGER AND ONION GRILLED,"Beef burger, grilled (no bun)",8266,
8899,KOSHER SALAMI CHICKEN AND BEEF,Pepperami or snack salami,8267,
10788,"RED KIDNEY BEANS, ADDED SALT, CANNED AND DRAINED COOKED","Black eyed beans, canned",8280,
8305,EVERTON MINTS,Mint imperials,8307,
7977,FRUIT POLOS,Polos,8307,
8316,TEA STRONG INFUSION DECAFFEINATED,Decaf tea,8317,
8324,IRN BRU NOT LOW CALORIE CANNED,Irn bru,8325,
10063,"SAVOURY CRACKERS, REDUCED FAT","Cracker, reduced fat",8330,
10167,LAZYTOWN FLAVOURED SPRING WATERS NAS FORTIFIED,"Bottled mineral water, still or fizzy",8333,
3371,DANONE WATER WITH CALCIUM,"Bottled mineral water, still or fizzy",8333,
10388,ASDA GREAT STUFF FLAVOURED MINERAL WATERS WITH VIT C,"Bottled mineral water, still or fizzy",8333,
2362,BEER: CANNED; NON PREMIUM BITTERS; PALE ALE; MILD; LIGHT ALE,"Beer, non premium bitters (e.g. pale ale, mild)",8335,
2366,BEER:REAL ALES OR EXTRA STRONG BITTERS CANNED,"Beer, non premium bitters (e.g. pale ale, mild)",8335,
2364,BEER: STRONG BITTER CANNED,"Beer, non premium bitters (e.g. pale ale, mild)",8335,
8337,BEER BITTER NOT CANNED EG. MCEWANS EXPORT,"Beer, non premium bitters (e.g. pale ale, mild)",8335,
2367,BEER:OTHERS;UNSPECIFIED CANNED,"Beer, non premium bitters (e.g. pale ale, mild)",8335,
8339,BEER OTHERS UNSPECIFIED NOT CANNED,"Beer, non premium bitters (e.g. pale ale, mild)",8335,
2363,BEER:BEST BITTER;CANNED EG. WHITBREAD TROPHY;TANKARD;WORTHIN,"Beer, best bitter (e.g. Whitbread, Tetley's)",8336,
2370,LAGER: CONTINENTAL TYPE CANNED (APPROX. 5.1% ABV),"Continental lager / beer, around 5% abv (e.g. Grolsch/Peroni)",8342,
2369,LAGER: PREMIUM CANNED (APPROX. 4.1% ABV),"Continental lager / beer, around 5% abv (e.g. Grolsch/Peroni)",8342,
2368,LAGER: NON PREMIUM CANNED (APPROX.3.3% ABV),"Continental lager / beer, around 5% abv (e.g. Grolsch/Peroni)",8342,
2374,LAGER: UNSPECIFIED CANNED NOT LOW CARBOHYDRATE OR ALCOHOL FREE (APPROX. 3.7% ABV),"Continental lager / beer, around 5% abv (e.g. Grolsch/Peroni)",8342,
2372,LAGER: LOW CARBOHYDRATE PILS TYPE; CANNED; EG. PILS (APPROX. 4.3% ABV),"Continental lager / beer, around 5% abv (e.g. Grolsch/Peroni)",8342,
8346,LAGER OTHERS NOT LOW CHO OR ALC FREE NOT CANNED,"Continental lager / beer, around 5% abv (e.g. Grolsch/Peroni)",8342,
8340,LAGER NOT CANNED EG. HEINEKEN,"Continental lager / beer, around 5% abv (e.g. Grolsch/Peroni)",8342,
8344,LAGER LOW CARBOHYDRATE PILS TYPE NOT CANNED,"Continental lager / beer, around 5% abv (e.g. Grolsch/Peroni)",8342,
2371,LAGER: SPECIAL STRONG BREW CANNED (APPROX. 8.7% ABV),"Strong lager / beer, around 9% abv (e.g. Carlsberg Special Brew)",8343,
9220,LOW ALCOHOL LAGER CANNED (APPROX. 0.6% ABV),"Alcohol free lager / beer, 0% abv (e.g. Becks Blue)",8345,
2373,ALCOHOL FREE LAGER CANNED EG BARBICAN (0.0% ABV),"Alcohol free lager / beer, 0% abv (e.g. Becks Blue)",8345,
9250,LOW ALCOHOL LAGER NOT CANNED,"Alcohol free lager / beer, 0% abv (e.g. Becks Blue)",8345,
8577,LOW ALCOHOL BITTER,"Alcohol free lager / beer, 0% abv (e.g. Becks Blue)",8345,
2853,SUPERMALT/MIGHTY MALT PREMIUM-NON ALCOHOLIC ENERGY MALT DRINK,"Alcohol free lager / beer, 0% abv (e.g. Becks Blue)",8345,
8334,STOUT NOT CANNED EG. GUINNESS,Stout (e.g. Guinness),8348,
2376,STOUT: CANNED,Stout (e.g. Guinness),8348,
2377,STOUT: EXTRA STRONG CANNED,Stout (e.g. Guinness),8348,
8347,STOUT NOT CANNED EG. MACKESON,Stout (e.g. Guinness),8348,
2375,STOUT: CANNED EG MACKESON,Stout (e.g. Guinness),8348,
8351,BABYCHAM; PERRY NOT CANNED,Sweet/medium cider (e.g. Woodpecker),8349,
2380,CIDER SWEET OR MEDIUM; CANNED,Sweet/medium cider (e.g. Woodpecker),8349,
2379,CIDER DRY CANNED,Dry cider (e.g. Strongbow),8350,
2382,WINE RED CANNED,Red wine,8352,
10402,MULLED WINE,Red wine,8352,
10766,BUCKFAST WINE,Red wine,8352,
2386,WINE WHITE DRY CANNED,Dry white wine,8354,
8356,WINE WHITE SWEET NOT CANNED,Dry white wine,8354,
9283,VERMOUTH DRY ONLY,Dry white wine,8354,
2385,WINE WHITE MEDIUM CANNED,Medium white wine,8355,
2389,WINE CHAMPAGNE,Sparkling white wine (e.g. prosecco/cava),8357,
10924,BABY/TODDLER TOMATO BASED SAUCE EG HEINZ NOT WITH CHEESE,"Tomato based pasta sauce, shop-bought (e.g. Lloyd Grossman)",8358,
5813,PASTA SAUCE TOMATO BASED REDUCED CALORIE E.G DOLMIO,"Tomato based pasta sauce, reduced fat (e.g. Dolmio light)",8358,
9824,FRESH EGG PASTA RAVIOLI (FILLED WITH MEAT),"Filled pasta, meat (e.g chicken & chorizo tortelloni)",8361,
8555,FAIRY CAKES CHOCOLATE NOT ICED PURCHASED,"Chocolate cup cake/fairy cake, without icing",8367,
8332,TONIC WATER NOT SLIMLINE CANNED,Tonic water,8378,
8380,TONIC WATER SLIMLINE NOT CANNED,Tonic water,8378,
8379,TONIC WATER SLIMLINE CANNED,Tonic water,8378,
10830,MINERAL WATER WITH HERBAL EXTRACT,"Mineral water, flavoured, no added sugar (e.g. Fruit Shoot Hydro, Volvic touch of fruit sugar free)",8381,
10495,V WATER KICK GINGER AND MANGO FORTIFIED,"Mineral water, flavoured, no added sugar (e.g. Fruit Shoot Hydro, Volvic touch of fruit sugar free)",8381,
10496,V WATER SHIELD LEMON AND LIME FORTIFIED,"Mineral water, flavoured, no added sugar (e.g. Fruit Shoot Hydro, Volvic touch of fruit sugar free)",8381,
10732,VITAMIN WATER DEFENCE FORTIFIED,"Mineral water, flavoured, no added sugar (e.g. Fruit Shoot Hydro, Volvic touch of fruit sugar free)",8381,
10831,VITAMIN WATER ESSENTIAL FORTIFIED,"Mineral water, flavoured, no added sugar (e.g. Fruit Shoot Hydro, Volvic touch of fruit sugar free)",8381,
11277,"WATER, SPRING, WITH SWEETENER, VITAMINS AND MINERALS, GLACEAU BRAND","Mineral water, flavoured, no added sugar (e.g. Fruit Shoot Hydro, Volvic touch of fruit sugar free)",8381,
8864,GLUTEN FREE WHITE BREAD NOT LOW PROTEIN,"Gluten free bread, white",8394,
8718,GLUTEN FREE BREAD TOASTED,"Gluten free bread, white",8394,
11276,"GLUTEN FREE BREAD, WHITE, GENIOUS BRAND, FORTIFIED  THIA, RIB, NIAC, FOL, CA, I","Gluten free bread, white",8394,
8395,GLUTEN FREE WHITE ROLLS WITH ADDED FIBRE,"Gluten free bread, white",8394,
11303,ASDA COOKIE CRUNCH CEREAL,"Cookie crisp/crunch cereal (including Nestle, supermarket brands)",8409,
11323,"TESCO CRUNCHY COOKIE CEREAL FORTIFIED WITH VITB1, B2, B6, B12, NIAC, FOL, BIOT, PANT, CA, FE","Cookie crisp/crunch cereal (including Nestle, supermarket brands)",8409,
6823,"WHEATFLAKES, NO SULTANAS, WHOLEWHEAT FLAKES",Oat flakes (e.g. Oatibix Flakes),8410,
8322,COLA CHERRY COLA LOW CALORIE CAFFEINE FREE CANNED,"Diet fizzy drinks, with fruit juice (e.g. Diet Lilt)",8445,
9992,7 UP LIGHT LOW CAL CANNED,7 Up free / light,8445,
7919,C-VIT CONC BLACKCURRANT,"Blackcurrant juice drink, ready to drink",8455,
5503,"RIBENA JUICE DRINK RTD, APPLE, STRAWBERRY, NOT CANNED","Ribena juice drink, ready to drink",8455,
7912,HIGH JUICE RTD NOT BLACKCURRANT OR LOW CAL,"Blackcurrant juice drink, ready to drink",8455,
7913,HIGH JUICE DRINK CONC FORTIFIED BLACKCURRANT,"Blackcurrant juice drink, ready to drink",8455,
9350,REDCURRANT JUICE FRESH,"Blackcurrant juice drink, ready to drink",8455,
5425,CONC HIGH JUICE DRINK LOW SUGAR BLACKCURRANT,"Blackcurrant juice drink, ready to drink, no added sugar",8474,
10895,RIBENA PLUS ACE BLACKCURRANT NAS JUICE DRINK FORTIFIED,"Blackcurrant juice drink, ready to drink, no added sugar",8474,
11159,RIBENA PLUS ACE CONCENTRATE BLACKCURRANT CONC,"Blackcurrant juice drink, ready to drink, no added sugar",8474,
1748,GREEN BANANA BOILED,Green banana,8479,
8803,RASPBERRIES CANNED IN JUICE,"Blackberries, canned",8496,
1249,BRAWN,Pork scratchings,8500,
9448,PORK HAND OR SPRING JOINT ROASTED LEAN AND FAT,Pork scratchings,8500,
9449,PORK HAND OR SPRING JOINT ROASTED LEAN ONLY,Pork scratchings,8500,
8726,SOYA ALTERNATIVE TO MILK SWEETENED CALCIUM ENRICHED,"Soya milk/drink, sweetened (e.g. Alpro)",8512,
1969,APRICOTS DRIED UNCOOKED DRY WEIGHT,Dried apricots (including ready to eat),8547,
336,FRESH CREAM GATEAU HOMEMADE,"Fruit gateau, with cream (e.g. strawberry gateaux)",8550,
2133,PRUNES DRIED UNCOOKED NO STONES,Dried prunes (including ready to eat),8558,
2221,MARMALADE WITH PEEL,Marmalade,8559,
2222,MARMALADE WITHOUT PEEL,Marmalade,8559,
8560,MARMALADE WITHOUT PEEL PURCHASED,Marmalade,8559,
10307,CHOCOLATE SPONGE/SWISS ROLL WITH FRESH CREAM FILLING AND CHOCOLATE SAUCE,"Chocolate swiss roll, with filling",8562,
8507,SWISS ROLL WITH JAM AND CREAM FILLING,"Swiss roll, with filling",8564,
10557,MEAT BASED REDUCED FAT QUICHE PURCHASED,Meat based quiche (e.g. quiche lorraine),8565,
5414,QUICHE HOMEMADE WITH GAMMON HAM,Meat based quiche (e.g. quiche lorraine),8565,
813,QUICHE LORRAINE NOT WHOLEMEAL,Meat based quiche (e.g. quiche lorraine),8565,
8566,QUICHE LORRAINE WITH MUSHROOM HOMEMADE,Meat based quiche (e.g. quiche lorraine),8565,
332,FRUIT CAKE RICH PURCHASED,"Fruit cake, rich, with icing (with or without marzipan) e.g. Christmas cake",8568,
6918,"FRUIT CAKE WITH WALNUTS, HOMEMADE","Fruit cake, rich, with icing (with or without marzipan) e.g. Christmas cake",8568,
333,ICED RICH FRUIT CAKE HOMEMADE,"Fruit cake, rich, with icing (with or without marzipan) e.g. Christmas cake",8568,
7690,WHOLEMEAL FRUIT CAKE PURCHASED,"Fruit cake, rich, with icing (with or without marzipan) e.g. Christmas cake",8568,
5784,PIZZA BASE SCONE TYPE,"Pizza base, plain",8574,
338,GULAB JAMEN HOMEMADE,Dough balls,8574,
339,GULAB JAMEN RETAIL,Dough balls,8574,
6882,WHITE WINE SAUCE WITH CREAM & CHICKEN STOCK,White wine sauce,8579,
8581,CIDER SAUCE,White wine sauce,8579,
1723,CAULIFLOWER BHAJI/PAKORA,Vegetable pakora/bhajia,8586,
8793,VEGETABLE GOULASH,Vegetable pakora/bhajia,8586,
6027,NUTBURGER FRIED IN VEG OIL RETAIL,"Vegetarian burger, nut-based (no bun)",8587,
6092,VEGETABLE BAKE PURCHASED READY MEAL.,"Vegetable bake, ready meal",8588,
1950,VEGETABLE PIE ONE CRUST,"Vegetarian cottage pie, vegetable-based",8589,
5174,VEGETABLE HOT POT HEINZ WEIGHT WATCHERS,"Vegetable hot pot/hotpot, ready meal (e.g. Weight Watchers), reduced fat",8590,
5189,VEGETABLE STEW,Vegetable casserole/stew,8590,
7686,CHERRY CAKE,Cherry cake,8600,
509,CHEESECAKE BAKED HOMEMADE,"Cheesecake, flavoured, not with fruit, (e.g. chocolate/toffee)",8626,
6111,BEEF PATTIE MINCED BEEF & HALF LARD/MARG PASTRY,Minced beef crispy pancake (e.g. Findus crispy pancakes),8644,
8857,SUGAR FREE INSTANT CUSTARD MADE UP,"Custard, made without sugar (homemade)",8649,
9349,CUSTARD MADE WITH SKIMMED MILK MILK AND NO SUGAR,"Custard, made without sugar (homemade)",8649,
9674,CUSTARD WHOLE MILK NO SUGAR,"Custard, made without sugar (homemade)",8649,
547,CUSTARD WITH POWDER WHOLE MILK AND SUGAR,"Custard, made without sugar (homemade)",8649,
5077,CARBONARA SAUCE WITH DOUBLE CREAM AND BACON,"Pasta carbonara (e.g. spaghetti), ready meal",8666,
6558,CHICKEN CARBONARA,"Pasta carbonara (e.g. spaghetti), ready meal",8666,
2726,"TAGLIATELLE CARBONARA, REDUCED FAT, READY MEAL, E.G. ASDA HEALTHY CHOICE","Pasta carbonara (e.g. spaghetti), ready meal",8666,
144,CHAPATIS WHITE IN BUTTER GHEE,"Chapati / roti, white, with oil, homemade",8670,
145,CHAPATIS WHITE IN VEGETABLE GHEE,"Chapati / roti, white, with oil, homemade",8670,
305,CARAMEL SHORTCAKE HOMEMADE,Millionaire/caramel shortbread,8672,
9159,COW & GATE GARDEN VEGETABLE RISOTTO,"Vegetable risotto/paella, toddler meal (e.g. Hipp Organic, Little Angel)",8681,
10655,HIPP ORGANIC STAGE 2 VEGETABLE AND PASTA BASED MEALS,"Vegetable risotto/paella, toddler meal (e.g. Hipp Organic, Little Angel)",8681,
10586,APPLE JUICE DRINK FORTIFIED WITH VITAMIN C AND CALCIUM,"Apple juice drink, ready to drink",8691,
10765,FIVE ALIVE APPLE RTD FRUIT JUICE DRINK,"Apple juice drink, ready to drink",8691,
7100,GLUTEN FREE PASTA (RICE AND MILLET) BOILED,Gluten free pasta (e.g. chickpea/cornflour),8716,
10866,"EGG, WHOLE, FRIED IN SUNFLOWER OIL","Egg, fried in olive oil",8732,
756,EGG FRIED IN BLENDED OIL,"Egg, fried in olive oil",8732,
9332,EGG FRIED IN SOLID SUNFLOWER OIL,"Egg, fried in olive oil",8732,
8761,EGG FRIED IN RAPESEED OIL,"Egg, fried in olive oil",8732,
4050,EGG FRIED IN REDUCED FAT PUFA SPREAD (70-80% FAT),"Egg, fried in olive oil",8732,
8131,CIABATTA / PANINI TOASTED,Ciabatta/panini bread,8744,
6977,"CIABATTA, PLAIN",Ciabatta/panini bread,8744,
8920,CHICKEN & VEGETABLE CASSEROLE (WITH CASSEROLE MIX),Chicken casserole/stew,8749,
2752,CHICKEN CASSEROLE WITH MUSHROOMS AND ONIONS,Chicken casserole/stew,8749,
5278,CHICKEN WING CASSEROLED MEAT ONLY,Chicken casserole/stew,8749,
9023,CHICKEN & VEG CASSEROLE WITH CASSEROLE SAUCE MIX,Chicken casserole/stew,8749,
1099,CHICKEN CASS MEAT NOBONES VEG,Chicken casserole/stew,8749,
1095,CHICKEN LEG CASSEROLE WITH SKIN & BONE,Chicken casserole/stew,8749,
5277,CHICKEN LEG CASSEROLED MEAT NO SKIN NO BONES,Chicken casserole/stew,8749,
5275,CHICKEN THIGHS CASSEROLED  MEAT & SKIN NO BONES,Chicken casserole/stew,8749,
5276,CHICKEN THIGHS CASSEROLED WITH SKIN (INCL BONES),Chicken casserole/stew,8749,
5467,SPICY CHICK CASSEROLE WITH NOODLES AND VEGETABLES IN C00K IN SAUCE,Chicken casserole/stew,8749,
10211,COQ AU VIN HOMEMADE,Coq au vin,8749,
1094,CHICKEN WING QUARTER STEWED MEAT + BONE,Chicken casserole/stew,8749,
1067,CHICK CASS LIGHT AND DARK MEAT ONLY,Chicken casserole/stew,8749,
1852,CHIPS OLD POTATOES FRESH FRIED IN PS OIL OR MARG,"Chips, fried in olive oil",8750,
9697,CHIPS OLD POTATOES FRIED IN RAPESEED OIL,"Chips, fried in olive oil",8750,
1863,CHIP FROZ CRINK. IN COMM BLEND,"Chips, fried in olive oil",8750,
1864,CHIP FROZ FINE-CUT IN BLENDED,"Chips, fried in olive oil",8750,
1876,CHIP FROZEN  STRAIGHT CUT COMMERCIAL  BLENDED OIL,"Chips, fried in olive oil",8750,
1862,CHIPS FROZEN CRINKLE CUT FRIED IN POLYUNSATURATED OIL OR MAR,"Chips, fried in olive oil",8750,
1859,CHIPS FROZEN CRINKLE FRIED BL VEG OIL NOT TAKEAWAY,"Chips, fried in olive oil",8750,
1949,CHIPS FROZEN FINE CUT TAKEAWAY FRIED IN BLENDED VEG OIL NO SALT ADDED,"Chips, fried in olive oil",8750,
1875,CHIPS FROZEN STRAIGHT CUT FRIED IN PS OIL OR MARG,"Chips, fried in olive oil",8750,
6305,CHIPS FROZEN STRAIGHT CUT FRIED IN RAPESEED,"Chips, fried in olive oil",8750,
11407,CHIPS FROZEN STRAIGHT CUT RAPESEED OIL,"Chips, fried in olive oil",8750,
1871,CHIPS FROZEN THICK CUT FRIED IN POLYUNSATURATED OIL OR MARGA,"Chips, fried in olive oil",8750,
1868,CHIPS FROZEN THICK FRIED BLEN VEG OIL NOT TAKEAWAY,"Chips, fried in olive oil",8750,
1857,CHIPS NEW POTATOES FRESH FRIED IN POLYUNSATURATED OIL OR MAR,"Chips, fried in olive oil",8750,
1858,CHIPS NEW POTS FRESH TAKEAWAY FRIED COMM VEG OIL,"Chips, fried in olive oil",8750,
8549,CHIPS THICK FRIED BLENDED VEG OIL NOT TAKEAWAY,"Chips, fried in olive oil",8750,
8921,FROZEN THIN CUT CHIPS FRIED IN OLIVE OIL,"Chips, fried in olive oil",8750,
1867,CHIPS FROZEN FINE CUT FRIED IN POLYUNSATURATED OIL OR MARGAR,"Chips, fried in olive oil",8750,
9527,CHIPS OLD POTS FRIED IN PALM OIL,"Chips, fried in olive oil",8750,
11406,CHIPS OLD POTS FRIED RAPESEED OIL,"Chips, fried in olive oil",8750,
1854,CHIPS NEW POTS FRIED BLENDED,"Chips, fried in olive oil",8750,
9549,PORRIDGE MADE WITH 1/2 SKIMMED MILK & 1/2 WATER,"Porridge, made with half milk & half water",8756,
10663,HEINZ STAGE 2 TODDLER MEALS VEGETABLE BASED FORTIFIED WITH IRON,"Vegetable lasagne, toddler meal (e.g. Little Dish, Hipp Organic)",8784,
3143,VEGETABLE LASAGNE PURCHASED,Vegetable lasagne,8784,
3976,"VEGETABLE LASAGNE READY MEAL, LOW FAT E.G. SAINBURY'S BE GOOD TO YOURSELF",Vegetable lasagne,8784,
10568,ATORA VEGETABLE SUET LIGHT,Vegetable suet,8824,
1844,POTATOES OLD ROAST IN POLYUNSATURATED OIL OR MARGARINE,"Roast potatoes, in olive oil",8827,
9695,POTATOES ROASTED IN TREX RAPESEED OIL,"Roast potatoes, in olive oil",8827,
9321,CORNED BEEF PASTY,Corned beef pasty/pie,8846,
8667,CORNED BEEF PIE,Corned beef pasty/pie,8846,
8928,POTATO & CORNED BEEF PASTY PURCHASED,Corned beef pasty/pie,8846,
3990,"BROCCOLI AND STILTON SOUP, PREMIUM, CHILLED CARTON",Broccoli and cheese soup,8847,
8867,LOW PROTEIN GLUTEN FREE WAFER CREAM BISCUITS,Gluten free biscuit,8872,
11297,"GLUTEN FREE WHOLEGRAIN CEREAL BISKS  FORTIFIED (E.G. NUTRI-BREX, NUTRIBIX)",Gluten free biscuit,8872,
11237,ACTIVE ISOTONIC MIXED BERRY ISOTONIC DRINK FORTIFIED,Isotonic sport drink (e.g. Lucozade sport),8888,
10294,LUCOZADE SPORT HYDROACTIVE,Isotonic sport drink (e.g. Lucozade sport),8888,
10288,GATORADE,Isotonic sport drink (e.g. Lucozade sport),8888,
8399,TAUT ISOTONIC ENERGY DRINK FORTIFIED,Isotonic sport drink (e.g. Lucozade sport),8888,
10827,LUCOZADE SPORT ENERGY GEL,Isotonic sport drink (e.g. Lucozade sport),8888,
2279,LUCOZADE TABLETS,Isotonic sport drink (e.g. Lucozade sport),8888,
2471,MINESTRONE SOUP PACKET MADE UP,Minestrone soup,8890,
1843,POTATO ROAST (IN LARD),"Roast potatoes, in animal fat (e.g. chicken/goose fat)",8960,
9145,POTATOES ROAST IN COMPOUND COOKING FAT,"Roast potatoes, in animal fat (e.g. chicken/goose fat)",8960,
1842,POTATO ROAST (IN DRIPPING),"Roast potatoes, in animal fat (e.g. chicken/goose fat)",8960,
1422,COD HADDOCK POACHED IN MILK,"Cod/haddock, poached in milk",8983,
7818,HADDOCK POACHED IN MILK AND BUTTER,"Cod/haddock, poached in milk",8983,
9552,HADDOCK POACHED IN WHOLE MILK NO BUTTER,"Cod/haddock, poached in milk",8983,
7820,HADDOCK SMOKED POACHED IN MILK AND BUTTER,"Cod/haddock, poached in milk",8983,
9324,COLEY STEAMED; POACHED IN WATER,"Cod/haddock, poached in milk",8983,
3903,"HADDOCK SMOKED POACHED IN SEMI-SKIMMED MILK, NO BUTTER","Cod/haddock, poached in milk",8983,
7819,HADDOCK SMOKED POACHED IN WATER,"Cod/haddock, smoked, poached in milk",8983,
1218,TRIPE STEWED IN MILK,"Cod/haddock, poached in milk",8983,
10065,"CHOCOLATE CHIP COOKIES AND BISCUITS, REDUCED FAT",Reduced fat/light biscuits (e.g. Mcvities light digestive),8989,
9473,"BISCUITS AND COOKIES REDUCED FAT, SWEET OR SEMI-SWEET, NOT CHOCOLATE",Reduced fat/light biscuits (e.g. Mcvities light digestive),8989,
8135,LOW FAT FRUIT FILLED BISCUITS,Reduced fat/light biscuits (e.g. Mcvities light digestive),8989,
11161,"FAT FREE YOGURT CONTAINING FRUIT, BENECOL ONLY","Fruit yoghurt, virtually fat free, with added sugar (e.g. Liberté)",8990,
9272,"YOG, VIRT FAT FREE, ANY OTH FLAVOUR, WITH ART SWEETNER","Fruit yoghurt, virtually fat free, with added sugar (e.g. Liberté)",8990,
400,SHORTCRUST PASTRY COOKED,Sweet pastry,9008,
396,PASTRY SHORT. COOKED MARGARINE,Sweet pastry,9008,
398,PASTRY SHORTCRUST COOKED ALL LARD NOT WHOLEMEAL,Sweet pastry,9008,
9212,FRUIT JUICE AND CORNFLOUR GLAZE FOR SPONGE FLAN,Glaze (e.g. for sponge flan),9009,
8009,"ICE CREAM, STANDARD, NON-DAIRY (MADE WITH WHEY PROTEINS), WITH CHOCOLATE/NUT/TOFFEE/BISCUIT","Dairy free / vegan ice cream, oat/nut/coconut-based (e.g. Ben & Jerry’s)",9053,
727,ICE CREAM NON DAIRY ANY OTHER FLAVOUR SOFT EG STRAWBERRY,"Dairy free / vegan ice cream, soya-based (e.g. Swedish Glace)",9053,
726,"ICE CREAM STANDARD NON DAIRY (MADE WITH WHEY PROTEINS) FLAVOURED NOT CHOCOLATE, VANILLA, NUTS HARD","Dairy free / vegan ice cream, oat/nut/coconut-based (e.g. Ben & Jerry’s)",9053,
722,"ICE CREAM, NON DAIRY, VANILLA, HARD, BLOCK","Dairy free / vegan ice cream, oat/nut/coconut-based (e.g. Ben & Jerry’s)",9053,
723,"ICE CREAM, NON DAIRY, VANILLA, SOFT SCOOP E.G. WALLS BLUE RIBBON","Dairy free / vegan ice cream, soya-based (e.g. Swedish Glace)",9053,
1643,PRAWN CURRY TAKEAWAY NO RICE,"Prawn bhuna, curry",9088,
3552,PRAWN BHUNA,"Prawn bhuna, curry",9088,
1646,PRAWN CURRY CREAM/COCONUT SAUC,"Prawn bhuna, curry",9088,
11145,"YOGURT, SOYA ALTERNATIVE, FRUIT, FORTIFIED WITH CALCIUM ONLY","Soya yoghurt, with fruit (e.g. Alpro Soya)",9115,
7743,"YOGURT, SOYA ALTERNATIVE, FULL FAT, SWEETENED","Soya yoghurt, with fruit (e.g. Alpro Soya)",9115,
3430,"WEST INDIAN DUMPLINGS, FRIED",West Indian dumplings,9121,
8719,DUMPLINGS MADE WITH VEGETABLE SUET,West Indian dumplings,9121,
74,DUMPLINGS MADE WITH ANIMAL SUET,West Indian dumplings,9121,
8900,DUMPLINGS MADE WITH SOFT MARGARINE NOT PUFA,West Indian dumplings,9121,
5862,DUMPLINGS WITH PLAIN & WHOLEMEAL FLOUR AND MARG,West Indian dumplings,9121,
157,ROLLS HAMBURGER BUNS,Brioche burger bun/hot dog bun,9129,
6997,"YOGURT, GREEK STYLE , COWS, WITH HONEY, WHOLE MILK","Greek style yoghurt, fruit/honey",9142,
8613,"YOGURT, LONG LIFE/UHT/PAST, FRUIT, WHOLE MILK","Greek-style yoghurt, whole milk, fruit",9142,
5261,"YOGURT, WHOLE MILK, FORTIFIED WITH VITAMIN C","Greek style yoghurt, fruit/honey",9142,
5361,"YOGURT, WHOLE MILK, WITH ADDED SUGAR, NO FRUIT","Greek style yoghurt, fruit/honey",9142,
3083,BOLOGNESE BEAN FEAST MADE UP,Vegetarian bolognese sauce (e.g. made with Quorn mince),9180,
2317,APPLE JUICE UNSWEETENED CANNED,"Apple/pear juice concentrate (undiluted), unsweetened",9186,
2318,APPLE JUICE UNSWEETENED CARTONS PASTEURISED,"Apple/pear juice concentrate (undiluted), unsweetened",9186,
10890,THE BIGGEST LOSER PROTEIN POWDER FORTIFIED,Protein powder,9205,
9312,GREEN LIPPPED MUSSEL SUPPLEMENT,Protein powder,9205,
11236,USN DIET FUEL ULTRALEAN PROTEIN POWDER,Protein powder,9205,
11039,SCI-MX PRO-VX PROTEIN POWDER,Protein powder,9205,
10741,PHD SYNERGY WHEY POWDER FORTIFIED,Protein powder,9205,
10588,DUOCAL POWDER,Protein powder,9205,
10837,SCI-MX LEAN GROWTH MRF PROTEIN POWDER,Protein powder,9205,
10544,ULTRA MUSCLEZE POWDER,Protein powder,9205,
11185,USN MUSCLE FUEL ANABOLIC SHAKE POWDER,Protein powder,9205,
10883,USN MUSCLE FUEL MASS,Protein powder,9205,
10931,INFATRINI,Protein powder,9205,
11189,TORQUE MASS EXTREME,Protein powder,9205,
5634,DUNN'S RIVER NURISHMENT,Protein powder,9205,
23,OATMEAL RAW,Oatmeal,9215,
30081,OATS WITH LOSSES ON BOILING (LOW SUGAR) FS UPDATE,Oatmeal,9215,
11391,"QUAKER OATS SUPER GOODNESS PORRIDGE, SUPER FRUIT DRY, FORTIFIED",Oatmeal,9215,
3721,BUTTERCREAM ICING MADE WITH BUTTER,Butter Icing,9216,
5315,CHILLI CON CARNE NO RICE READY MEAL,"Chilli con carne, ready meal, with rice",9244,
3011,MEXICAN CHILLI WITH DEEP FRIED POTATOES,"Chilli con carne, ready meal, with rice",9244,
7782,MEAT BALLS AND PASTA/BAKED BEANS,"Pasta/spaghetti and meatballs (including pasta bake), ready meal",9245,
7150,"BOILED OR MASHED POTATOES, OLD, WITH SPREADABLE BUTTER REDUCED FAT","Mashed potato, with reduced fat spread",9249,
8062,POTATOES MASHED REDUCED FAT SPRD 70-80% P/S,"Mashed potato, with reduced fat spread",9249,
8054,POTATOES OLD BOILED/MASHED LF SPRD P/S 40% FAT,"Mashed potato, with reduced fat spread",9249,
8519,POTATOES MASHED REDUCED FAT SPRD 60% NOT P/S,"Mashed potato, with reduced fat spread",9249,
8520,POTATOES MASHED LOW FAT SPRD 40% NOT P/S,"Mashed potato, with reduced fat spread",9249,
8652,POTS. NEW MASHED WITH REDUCED FAT 70-80% NOT PUFA,"Mashed potato, with reduced fat spread",9249,
1833,POTATO OLD MASHED PUFA MARG,"Mashed potato, with reduced fat spread",9249,
8763,NEW POTATOES MASHED WITH SOFT MARG NOT POLY,"Mashed potato, with reduced fat spread",9249,
1832,POTATO OLD MASHED HARD MARG,"Mashed potato, with vegetable/sunflower oil spread",9249,
8516,POTATOES OLD MASHED REDUCE FAT SPRD 70-80% NOT P/S,"Mashed potato, with reduced fat spread",9249,
3978,"FISH, WHITE, IN CHEESE AND SPINACH SAUCE, READY MEAL EG. SAINSBURY'S PLAICE FLORENTINE",Cod in white/parsley sauce,9253,
7800,HADDOCK BAKED OR GRILLED WITH BUTTER,"Haddock, grilled or oven baked (including smoked)",9255,
9256,HADDOCK SMOKED BAKEDOR GRILLED WITH BUTTER,"Haddock, grilled or oven baked (including smoked)",9255,
7799,HADDOCK BAKED OR GRILLED NO BUTTER,"Haddock, grilled or oven baked (including smoked)",9255,
1451,LEMON SOLE STEAMED,"Lemon sole, grilled or oven baked",9259,
4213,LEMON SOLE FRIED IN OLIVE OIL,"Lemon sole, grilled or oven baked",9259,
9268,SALMON UNSPECIFIED CANNED IN BRINE WITH BONES,"Salmon, canned",9265,
9267,SALMON UNSPECIFIED CANNED IN BRINE FISH ONLY,"Salmon, canned",9265,
7826,"SALMON, PINK, CANNED IN BRINE FISH ONLY","Salmon, canned",9265,
9266,SALMON RED CANNED IN BRINE FISH AND BONES,"Salmon, canned",9265,
8736,FISH PIE WITH WHITE FISH POTATOES AND SAUCE,"Fish pie, toddler meal (e.g. Little Dish, Annabel Karmel)",9270,
2831,SALMON OCEAN PIE E.G. YOUNGS,"Fishermans pie/ocean pie, ready meal",9270,
5604,PASTA SAUCE TOMATO BASED WITH BACON ONION,"Pasta with meat and tomato-based sauce, canned (e.g. pasta with sausages)",9273,
2758,THREE BEAN SALAD,Bean salad with an oil-based/French type dressing,9284,
5264,CHICKEN  BREADED  CHEESE & VEGETABLE  FILLING. PURCHASED OVEN BAKED,"Breaded/coated chicken breast fillet, grilled",9287,
11174,HEALTHSPAN CRANBERRY DOUBLE STRENGTH WITH VITAMIN C,Vitamin C (500mg),9298,
3403,VITAMIN C TABLET 625 MG,Vitamin C (500mg),9298,
5430,VITAMIN C TABLET/CAPSULE 250MG,Vitamin C (200mg),9301,
9605,VITAMIN C 300MG,Vitamin C (200mg),9301,
10214,VITAMIN C 75MG AND CALCIUM 50MG,Vitamin C (200mg),9301,
9322,VITAMIN C 75MG TABLET,Vitamin C (200mg),9301,
9638,VITAMIN C TABLET 100MG,Vitamin C (200mg),9301,
6426,VITAMIN C TABLET/CAPSULE 30MG,Vitamin C (200mg),9301,
6436,VITAMIN C TABLET/CAPSULE 60MG ONLY,Vitamin C (200mg),9301,
7765,SCRAMBLED EGG WITHOUT MILK,Scrambled egg,9303,
780,SCRAMBLED EGG MARG & MILK,Scrambled egg,9303,
3741,SCRAMBLED EGG WITH SEMI-SKIMMED MILK AND SPREADABLE BUTTER,Scrambled egg,9303,
8638,SCRAMBLED EGG WITH SKIMMED MILK AND PUFA MARG,Scrambled egg,9303,
8711,SCRAMBLED EGG NO FAT SEMI SKIMMED MILK,Scrambled egg,9303,
2721,SCRAMBLED EGGS WITH SKIMMED MILK AND NO FAT,Scrambled egg,9303,
6555,SCRAMBLED EGGS WITH REDUCED FAT SPREAD AND WHOLE MILK,Scrambled egg,9303,
781,SCRAMBLED EGG PUFA& MILK,Scrambled egg,9303,
8727,SCRAMBLED EGG WITH SEMI SKIMMED MILK & PUFA MARG,Scrambled egg,9303,
779,SCRAMBLED EGG WITH WHOLE MILK,Scrambled egg,9303,
8735,SCRAMBLED EGGS WITH SEMI SKIMMED MILK & OLIVE OIL,Scrambled egg,9303,
1776,MUSHROOMS FRIED IN PUFA OIL,"Mushrooms, fried in olive oil",9309,
2663,BEEF CURRY VESTA AS SERVED WITH RICE,"Beef curry, ready meal, with rice",9318,
11021,VITAMIN C 1000MG WITH WILD ROSEHIPS 15MG,Vitamin C (1000mg),9342,
1891,POTS OLD SAUTEED IN PUFA OIL,"Sauteed potatoes, in olive oil",9351,
1895,POTS NEW SAUTEED IN PUFA OIL,"Sauteed potatoes, in olive oil",9351,
1937,TOMATO FRIED IN PUFA OIL,"Tomato, fried in olive oil",9352,
2649,PLAICE WITH COOKING LOSSES,"Plaice in breadcrumb, grilled or oven baked",9353,
1475,PLAICE NO BONES FLOUR BLENDED,"Plaice in breadcrumb, grilled or oven baked",9353,
7654,C'BREAD NOTRYVITA POP/SES SEED,Challah bread,9372,
10179,WEST INDIAN HARD DOUGH BREAD,Challah bread,9372,
11184,SOFT BAKERY PRETZEL,Challah bread,9372,
10771,BAGELS PLAIN TOASTED,"Bagel, white",9373,
8575,VEGETABLE SOUP PACKET MADE UP,"Vegetable soup, dry/packet mix",9376,
7019,LIGHTER LIFE TOTAL BALANCE SOUP POWDER FORTIFIED,"Vegetable soup, dry/packet mix",9376,
8035,CHICKEN BALTI AND RICE READY MEAL,"Chicken curry, ready meal, with rice (e.g balti, tikka masala)",9386,
2422,FRENCH DRESSING CODE 2422,French dressing,9391,
1763,LETTUCE (OIL & VINEGAR DRESSING),French dressing,9391,
8632,REDCURRANT JELLY FRESH HOMEMADE,Redcurrant jelly,9396,
3456,OIL FREE SALAD DRESSING,"Salad dressing, low fat/fat free",9399,
1167,VENISON ROAST MEAT ONLY,"Venison, roasted or stewed",9403,
10140,"HALF FAT BUTTER, SALTED, WITH VITAMIN A AND D","Spreadable butter, salted (e.g. Anchor, Lurpak)",9407,
9385,PORK SHOULDER,"Bacon, back/middle, smoked, grilled (fat removed)",9410,
935,BEEF BRISKET BOILED LEAN AND FAT,Roast/braised beef brisket/silverside,9415,
9421,BEEF FLANK TOP RUMP POT-ROAST BRAISED LEAN,Roast/braised beef brisket/silverside,9415,
936,BEEF BRISKET POT-ROASTED OR BRAISED LEAN AND FAT,Roast/braised beef brisket/silverside,9415,
9422,SILVERSIDE NOT SALTED POT-ROASTED BRAISED LEAN+FAT,Roast/braised beef brisket/silverside,9415,
9423,SILVERSIDE NOT SALTED POT-ROASTED BRAISED LEAN,Roast/braised beef brisket/silverside,9415,
9420,BEEF FLANK TOP RUMP POT-ROAST BRAISED LEAN+FAT,Roast/braised beef brisket/silverside,9415,
951,BEEF RUMP STEAK FRIED LEAN ONLY,"Beef fillet steak, fried",9418,
1289,GRILLSTEAKS BEEF FRIED OR GRILLED,"Beef fillet steak, fried",9418,
953,BEEF RUMP STEAK GRILLED LEAN ONLY,"Beef fillet steak, grilled",9419,
9424,SIRLOIN STEAK FRIED LEAN+FAT,"Beef sirloin steak, fried",9425,
933,BEEF FAT AVERAGE COOKED,Beef/frying steak,9427,
957,BEEF SIRLOIN ROAST LEAN AND FAT,"Beef sirloin steak, grilled",9427,
9426,SIRLOIN STEAK GRILLED LEAN+FAT,"Beef sirloin steak, grilled",9427,
958,BEEF SIRLOIN ROAST LEAN ONLY,"Beef sirloin steak, grilled",9427,
5318,MINCED LAMB STEWED WITH ONIONS AND GRAVY,"Minced lamb, stewed",9441,
1006,LAMB SCRAG & NECK STEWED LEAN POTS CARROTS NO BONE,"Minced lamb, stewed",9441,
938,BEEF FORERIB ROAST LEAN AND FAT,Roast/grilled pork spare rib (fat eaten),9442,
9444,PORK SPARE RIB CHOPS BRAISED LEAN & FAT NO BONE,Roast/grilled pork spare rib (fat eaten),9442,
939,BEEF FORERIB ROAST LEAN ONLY,Roast/grilled pork spare rib (fat not eaten),9443,
9446,PORK SPARE RIB CHOPS BRAISED LEAN ONLY NO BONE,Roast/grilled pork spare rib (fat not eaten),9443,
1032,PORK LEG JOINT KNUCKLE FILLET ROAST LEAN AND FAT,Roast pork (fat eaten),9450,
3808,PORK DICED STEWED LEAN AND FAT,"Minced pork, stewed",9461,
1033,PORK LEG JOINT KNUCKLE FILLET ROAST LEAN ONLY,Pork fillet (tenderloin),9462,
5407,BACON LEAN GRILLED DRY FRIED CUT UNSPECIFIED,"Bacon, back/middle, unsmoked, grilled (fat removed)",9464,
1750,GREEN BANANA FRIED IN PUFA OIL CODE 1750,"Green banana, fried",9468,
9469,PLANTAIN FRIED IN PUFA OIL,"Plantain, fried",9468,
9470,PLANTAIN FRIED IN RED PALM OIL,"Plantain, fried",9468,
2201,GLUCOSE POWDER WITH ADDED VIT C,Fruit sugar (fructose),9474,
3765,"CARBOHYDRATE POWDER  (SUCROSE, MALTOSE, GLUCOSE) E.G. HI FIVE",Fruit sugar (fructose),9474,
979,LAMB MUTTON AND VEGETABLE CURRY,"Lamb korma, curry",9477,
5316,LAMB CURRY MADE WITH CANNED CURRY SAUCE,"Lamb korma, curry",9477,
5389,LAMB CURRY MADE WITH TOMATO PUREE & POTATOES,"Lamb korma, curry",9477,
9456,PORK LEG STEAKS CHOPS GRILLED LEAN+FAT NO BONE,"Pork leg, uncooked (including fat)",9490,
10572,"RICE DREAM ALTERNATIVE TO MILK, WITH ADDED CALCIUM","Rice milk/drink (e.g. Rice Dream, Alpro)",9494,
11150,ALPRO RICE ALTERNATIVE TO MILK ORIGINAL,"Rice milk/drink (e.g. Rice Dream, Alpro)",9494,
2154,STRAWBERRIES CANNED IN SYRUP FRUIT AND SYRUP,"Strawberries, canned",9495,
10293,THIAMIN HCL 50MG,Thiamin (Vitamin B1) (25mg),9500,
9714,THIAMINE HYDROCHLORIDE TABLET 100 MG,Thiamine (Vitamin B1) (100mg),9500,
10202,"THIAMIN 5MG, VITAMIN E 10MG AND VITAMIN C 10MG CAPSULES",Thiamin (Vitamin B1) (25mg),9500,
10098,FERROUS GLUCONATE 200MG (IRON 23.3MG),Prescription iron supplement: Ferrous gluconate 300mg (35mg Iron),9505,
9381,HAM WITH ADDED WATER NOT SMOKED,"Ham, not smoked",9508,
9382,HAM NO ADDED WATER NOT SMOKED,"Ham, not smoked",9508,
1039,HAM NOT SMOKED,"Ham, not smoked",9508,
8235,HAM SMOKED DELI OR BUTCHERS,"Ham, smoked",9509,
1040,HAM SMOKED,"Ham, smoked",9509,
8236,HAM SMOKED VACUUM PACKED,"Ham, smoked",9509,
9384,SMOKED HAM NO ADDED WATER ANY CUT,"Ham, smoked",9509,
9383,SMOKED HAM WITH ADDED WATER ANY CUT,"Ham, smoked",9509,
9563,HADDOCK IN BATTER PURCHASED OVEN BAKED,"Haddock in breadcrumb/batter, grilled or oven baked",9524,
3412,"COD/HADDOCK COATED IN BREADCRUMBS, REDUCED FAT, GRILLED","Haddock in breadcrumb/batter, grilled or oven baked",9524,
6266,TIRAMISU,Tiramisu,9533,
1735,COURGETTES SAUTEED IN BUTTER,"Courgette (zucchini), fried in olive oil",9569,
1736,COURGETTES SAUTEED MARGARINE,"Courgette (zucchini), fried in olive oil",9569,
1792,ONION FRIED IN PUFA OIL,"Onions, fried in olive oil",9570,
5153,TIVALL VEGETARIAN SAUSAGES,"Vegetarian meat-style sausage (e.g. Linda McCartney, Cauldron), NOT Quorn",9572,
5339,"VEGETARIAN SAUSAGE, FRIED","Vegetarian meat-style sausage (e.g. Linda McCartney, Cauldron), NOT Quorn",9572,
1215,OX TONGUE COLD SLICED NOT CANNED NOT PORK OR LUNCH,"Tongue (e.g. pork, ox)",9590,
9077,LOW ALCOHOL ROSE WINE,Low-alcohol wine,9596,
8150,WINE ALCOHOL FREE EG BLUSH,Low-alcohol wine,9596,
5291,TURKEY FINGERS/PIECES COATED IN CRUMBS,"Turkey burger/escalope, breaded/coated, fried (no bun)",9597,
2208,GRANULATED TABLE TOP SWEETENERS,"Sweetener, granulated (e.g. Canderel)",9612,
2819,CHICKEN IN COOK IN SAUCE WITH HONEY AND MUSTARD,Chicken with a tomato based sauce,9634,
5466,CHICKEN MEATBALLS IN TOMATO SAUCE,Chicken with a tomato based sauce,9634,
3984,"COOK IN SAUCE, TOMATO BASED, NOT CANNED",Chicken with a tomato based sauce,9634,
506,BLANCMANGE MADE WITH WHOLE MILK,Blanchmange,9636,
8850,WATERCRESS SAUCE PURCHASED READY MADE,Salmon in a watercress sauce,9666,
9812,SALMON MORNAY WITH BROCCOLI READY MEAL EG HEINZ WW,Fish/seafood quiche (e.g. salmon),9672,
9599,CALCIUM CARBONATE TABLET 500MG,"Calcium (400-600mg), including chewable tablets",9703,
9665,CALCIUM LACTATE TABLET 300MG (40MG CA),"Calcium (400-600mg), including chewable tablets",9703,
9046,CALCIUM SANDOZ SYRUP,"Calcium (400-600mg), including chewable tablets",9703,
9694,OSSOPAN HYDROXYAPATITE CALCIUM TABLETS 176 MG CA,"Calcium (400-600mg), including chewable tablets",9703,
6051,SWEET AND SOUR PORK CODE 6051,"Sweet and sour pork, ready meal, with rice",9726,
5940,CHICKEN CURRY WITH ONIONS CORIANDER AND GARLIC FRI,Chicken curry homemade,9731,
1104,CHICKEN CURRY VEG NO BONES,Chicken curry homemade,9731,
5997,LEEK & POTATO SOUP,Leek and potato soup,9738,
6815,POTATO SOUP WITH CARROTS TURNIPS LEEK AND ONION,Leek and potato soup,9738,
3938,LEEK AND POTATO SOUP WITH SINGLE CREAM,Leek and potato soup,9738,
9592,PYRIDOXINE HYDROCHLORIDE TABLETS 50MG,Vitamin B6 (50mg),9749,
10783,HEMP SEED OIL CAPSULE WITH VITAMIN E,Vitamin E (10mg),9790,
10106,VITAMIN E 100IU/67MG ONLY,Vitamin E (10mg),9790,
3156,LOW FAT STRAWBERRY MOUSSE,"Chocolate mousse/dessert, low fat",9791,
582,CHOCOLATE MOUSSE,"Chocolate mousse/dessert, low fat",9791,
10453,CALOGEN HIGH ENERGY LIQUID SUPPLEMENT,"Therapeutic nutritional supplement  drink (e.g Ensure, Fortisip)",9799,
11231,CAMBRIDGE WEIGHT PLAN CHOCOLATE SHAKE FORTIFIED,"Therapeutic nutritional supplement  drink (e.g Ensure, Fortisip)",9799,
9637,FORTISIP NUTRITIONALLY COMPLETE SUPPLEMENT DRINK,"Therapeutic nutritional supplement  drink (e.g Ensure, Fortisip)",9799,
10744,FORTISIP EXTRA NUTRITIONALLY COMPLETE SUPPLEMENT DRINK,"Therapeutic nutritional supplement  drink (e.g Ensure, Fortisip)",9799,
10328,DUOCAL LIQUID,"Therapeutic nutritional supplement  drink (e.g Ensure, Fortisip)",9799,
3785,ENSURE LIQUID VITAMIN + MINERAL SUPPLEMENT,"Therapeutic nutritional supplement  drink (e.g Ensure, Fortisip)",9799,
10452,FORTINI 1.5KCAL/ML NUTRITIONALLY COMPLETE LIQUID SUPPLEMENT,"Therapeutic nutritional supplement  drink (e.g Ensure, Fortisip)",9799,
11328,FRESUBIN ENERGY DRINK,"Therapeutic nutritional supplement  drink (e.g Ensure, Fortisip)",9799,
10408,KETOVITE LIQUID,"Therapeutic nutritional supplement  drink (e.g Ensure, Fortisip)",9799,
10411,PAEDIASURE PLUS LIQUID (NUTRITIONALLY COMPLETE),"Therapeutic nutritional supplement  drink (e.g Ensure, Fortisip)",9799,
8132,ENSURE PLUS YOGURT STYLE,"Therapeutic nutritional supplement  drink (e.g Ensure, Fortisip)",9799,
11030,ENSURE PLUS JUCE STYLE,"Therapeutic nutritional supplement  drink (e.g Ensure, Fortisip)",9799,
9465,BEEF STEW & DUMPLINGS FROZEN OR CHILLED READY MEAL,Beef stew and dumplings,9810,
3647,"FRUIT CAKE,DIABETIC,NO FAT","Fruit cake, reduced fat",9847,
3037,"FRUIT LOAF MADE WITH TEA, NO FAT","Fruit cake, reduced fat",9847,
9306,FRUIT CAKE HOMEMADE WITH PUFA MARGARINE,"Fruit cake, reduced fat",9847,
1351,SPRING ROLL WITH MEAT FILLING,Spring roll with meat and vegetables,9859,
5452,BACON BURGER,Bacon burger (no bun),9873,
10668,INFANT AND TODDLER RICE PUDDING STAGE 1+,"Rice pudding, not canned",9883,
8942,RICE PUDDING MADE WITH EVAPORATED MILK & SUGAR,"Rice pudding, not canned",9883,
8696,RICE PUDDING UHT PURCHASED NOT CANNED NOT FRUIT,"Rice pudding, not canned",9883,
8174,"RICE PUDDING, WITH FRUIT, NOT CANNED, PURCHASED","Rice pudding, not canned",9883,
63,RICE WHITE BOILED IN MILK,"Rice pudding, not canned",9883,
64,RICE WHITE MILK AND SUGAR,"Rice pudding, not canned",9883,
2713,KELP TABLETS WITH 150 MICROGRAM IODINE,Kelp / Sea Kelp,9944,
10002,"POTATO CRISPS, PREMIUM, FRIED IN VEGETABLE OIL, EG PRINGLES GOURMET",Potato crisps (e.g. Walkers),10001,
1905,POTATO PUFFS,Potato crisps (e.g. Walkers),10001,
5598,CRISPS MCVITIES GO AHEAD EG. SOUR CREAM & CHIVES,Potato crisps (e.g. Walkers),10001,
3949,"SAVOURY RICE (RICE, PEAS, CARROTS, PEPPER) TESCO ONLY, MICROWAVABLE",Ready cooked savoury rice (e.g. Uncle Bens),10019,
54,RICE WHITE EASY COOK DRIED,White or wholegrain ready cooked plain rice (e.g. Uncle Bens),10020,
8466,COUS COUS WITH ADDITIONS COOKED,"Cous cous, plain (uncooked)",10025,
2751,COUS COUS WITH SALAD,"Cous cous, plain (uncooked)",10025,
10027,"PIZZA WITH TRIPLE CHEESE OR CHEESE FEAST WITH OR WITHOUT TOMATO WITH ANY BASE, RETAIL","Cheese feast, loaded cheese, 4 cheese pizza",10033,
7053,BARLEY CUP DRY WEIGHT,"Fruit and barley squash, no added sugar, not diluted",10035,
9998,"CONC BARLEY WATER LOW CAL BLACKCURRANT, NOT ROBINSONS FRUIT AND BARLEY","Fruit and barley squash, no added sugar, not diluted",10035,
8491,BARLEY WATER ANY CONC NOT LOW CALORIE,"Fruit and barley squash, no added sugar, not diluted",10035,
6963,ROBINSONS NO ADDED SUGAR CONCENTRATES,"Fruit and barley squash, no added sugar, not diluted",10035,
5110,"CONC BARLEY WATER LOW CAL NOT BLACKCURRANT, NOT ROBINSONS","Fruit and barley squash, no added sugar, not diluted",10035,
10036,"HIGH JUICE DRINK CONCENTRATE, NO ADDED SUGAR, BLACKCURRANT","High juice fruit squash, no added sugar, not diluted",10037,
8464,FRUIT DRINK CONC BLACKCURRANT LOW CALORIE,"High juice fruit squash, no added sugar, not diluted",10037,
10455,"FRUIT DRINK DOUBLE CONCENTRATED, NO ADDED SUGAR, CONTAINS BLACKCURRANT","High juice fruit squash, no added sugar, not diluted",10037,
10131,TESCO ENRICHED FAT SPREAD WITH OLIVE OIL,"Fat spread/margarine, brand/type unknown",10040,
10290,"REDUCED FAT SPREAD (41-62% FAT) NOT POLYUNSATURATED, FORTIFIED WITH OMEGA 3 FROM FISH OILS","Fat spread/margarine, brand/type unknown",10040,
862,HARD MARGARINE UNSPECIFIED/RECIPES,"Fat spread/margarine, brand/type unknown",10040,
10436,"REDUCED FAT SPREAD 59%, NOT PUFA, FORTIFIED WITH VITAMINS A/D/E/B1/B2/B6/B12","Fat spread/margarine, brand/type unknown",10040,
9510,REDUCED FAT SPREAD (70-80%) PUFA LOW IN TRANS,"Fat spread/margarine, brand/type unknown",10040,
3364,BENECOL OLIVE OIL SPREAD,Benecol olive spread/margarine,10042,
11337,BERTOLLI WITH BUTTER SPREAD,Bertolli spread/margarine,10042,
10041,PURE SUNFLOWER BRAND FAT SPREAD,"Sunflower spread/margarine (e.g. ASDA, Sainsbury's, Morrisons)",10043,
3892,"VERY LOW FAT SPREAD (20-25% FAT), POLYUNSATURATED, LOW IN TRANS FATTY ACIDS, FORTIFIED","Light olive spread/margarine (e.g. Tesco, Sainsbury's)",10048,
10050,"LOW FAT SPREAD (26-39% FAT) POLYUNSATURATED, FORTIFIED WITH B6, B12, FOLIC ACID","Light olive spread/margarine (e.g. Tesco, Sainsbury's)",10048,
6883,"CEREAL BAR WITH FRUITS, NO NUTS, NOT COATED (UF)",Cereal bar with fruit only,10057,
8090,FRUIT AND FIBRE CEREAL BAR FORTIFIED,Cereal bar with fruit only,10057,
10207,ORGANIX FRUIT CEREAL BARS NOT CARROT NOT CHOCOLATE,Cereal bar with fruit only,10057,
10326,ASDA FRUIT AND GRAIN CEREAL BARS FORTIFIED,Cereal bar with fruit only,10057,
10426,ALDI HARVEST MORN FRUIT AND GRAIN BAR,Cereal bar with fruit only,10057,
10578,KELLOGGS FIBRE PLUS CEREAL BARS,Cereal bar with nuts only,10058,
10708,ASDA VITALITY CEREAL BAR,Cereal bar with nuts only,10058,
11356,ARTISAN BREAD ORGANIC MIRACLE CAKE BITES,Cookies e.g. oat and raisin/sultana,10061,
7651,COCONUT COOKIES AND BISCUITS,"Cookies e.g. stem ginger, caramel (not chocolate or nut)",10061,
10260,NUTRIGRAIN SOFT OATIES COOKIES FORTIFIED,Cookies e.g. oat and raisin/sultana,10061,
10923,HEINZ IT'S ALL GOOD MINI CHEESE CRACKERS,"Savoury cracker (e.g. Sesame and poppy thins, butter puffs, onion crackers)",10062,
10333,LOPROFIN HERB CRACKERS,"Savoury cracker (e.g. Sesame and poppy thins, butter puffs, onion crackers)",10062,
7653,CRISPBREAD RYE WITH SESAMESEEDS,"Savoury cracker (e.g. Sesame and poppy thins, butter puffs, onion crackers)",10062,
4108,CHOPPED HAM AND PORK WITH EGG,Sausage and egg in a bun/muffin (e.g. Sausage and egg McMuffin),10067,
3737,"MAIZE, RICE FLOUR CORN SNACKS, REDUCED FAT E.G. BOOTS SHAPERS BACON BITES",Bacon-flavour corn snacks (e.g. Frazzles),10071,
7875,CHIPSTICKS OTHER POTATO & CORN STICKS,Bacon-flavour corn snacks (e.g. Frazzles),10071,
9686,MINCE PIES SWEET INDIVIDUAL W SHORTCRUST,Sweet mince pie (filled with dried fruit),10077,
6820,MINCE PIES WITH SWEETENED BUTTER PASTRY,Sweet mince pie (filled with dried fruit),10077,
3203,MINCE PIES PASTRY HARD MARG,Sweet mince pie (filled with dried fruit),10077,
353,MINCE PIES NOT WHOLEMEAL INDIVIDUAL,Sweet mince pie (filled with dried fruit),10077,
3308,MINCE PIES PUFF PASTRY,Sweet mince pie (filled with dried fruit),10077,
354,MINCE TART NOT WHOLEMEAL LARGE,Sweet mince pie (filled with dried fruit),10077,
5992,MISSISSIPPI MUD PIE,Sweet mince pie (filled with dried fruit),10077,
10760,BOOTS GENERAL HEALTH MULTIVITAMIN,Multivitamins (no minerals) (e.g. Tesco/Asda/Boots),10081,
11048,JUST VITAMINS ONE-A-DAY MULTIVITAMINS,Multivitamins (no minerals) (e.g. Tesco/Asda/Boots),10081,
11155,BOOTS MULTIVITAMIN AND IRON (NO OTHER MINERALS),Multivitamins (no minerals) (e.g. Tesco/Asda/Boots),10081,
10099,ASDA MULTIVITAMINS ONE A DAY ONLY,Multivitamins (no minerals) (e.g. Tesco/Asda/Boots),10081,
11042,WOODS SUPPLEMENTS ADVANCED BIOTIC MULTIVITAMINS,Multivitamins (no minerals) (e.g. Tesco/Asda/Boots),10081,
10351,BOOTS GUMMY BEARS CHEWY MULTIVITAMIN SUPPLEMENT,Multivitamins (no minerals) (e.g. Tesco/Asda/Boots),10081,
11411,KIRKLAND MULTIVITAMIN GUMMIES,Multivitamins (no minerals) (e.g. Tesco/Asda/Boots),10081,
11192,TESCO B ACTIVE EFFERVESCENT VITAMINS & MINERALS,Multivitamins (no minerals) (e.g. Tesco/Asda/Boots),10081,
10533,OROVITE 7 VITAMIN POWDER,Multivitamins (no minerals) (e.g. Tesco/Asda/Boots),10081,
10091,SEVEN SEAS MULTIBIONTA PROBIOTIC MULTIVITAMIN ONLY,Multivitamins (no minerals) (e.g. Tesco/Asda/Boots),10081,
11412,SEVEN SEAS MULTIBIONTA VITALITY ONLY,Multivitamins (no minerals) (e.g. Tesco/Asda/Boots),10081,
11268,SOLO MULTI FIFTY-MUTIVITAMIN,Multivitamins (no minerals) (e.g. Tesco/Asda/Boots),10081,
10594,B COMPLETE MULTIVITAMIN WITH IRON,Multivitamin with iron (14mg),10082,
10477,CALCIA CALCIUM SUPPLEMENT WITH VITAMINS AND IRON,Multivitamin with iron (14mg),10082,
10647,HOLLAND AND BARRETT RADIANCE MULTIVITAMINS AND IRON,Multivitamin with iron (14mg),10082,
11397,HOLLAND AND BARRET PRE VITES WITH IRON,Multivitamin with iron (14mg),10082,
10404,MULTIVITAMIN WITH IRON AND IODINE,Multivitamin with iron (14mg),10082,
10811,VITABIOTICS PREGNACARE CONCEPTION,Pregnancy support supplements (e.g Vitabiotics Pregnacare Original),10083,
11069,SANATOGEN PREGNANCY MUM TO BE FOR BEFORE AND DURING PREGNANCY,Pregnancy support supplements (e.g Vitabiotics Pregnacare Original),10083,
10768,SEVEN SEAS FEMIBION HEALTHY PREGNANCY CAPSULES,Pregnancy support supplements (e.g Vitabiotics Pregnacare Original),10083,
11295,TESCO MULTIPLUS PREGNANCY,Pregnancy support supplements (e.g Vitabiotics Pregnacare Original),10083,
10415,VITABIOTICS PREGNACARE BREASTFEEDING CAPSULES,Pregnancy support supplements (e.g Vitabiotics Pregnacare Original),10083,
11251,B-COMPLEX WITH ZINC AND VITAMINS E AND C,Vitamin B complex,10084,
10819,TESCO VITAMIN B COMPLEX,Vitamin B complex,10084,
10990,HOLLAND AND BARRETT COMPLETE VITAMIN B COMPLEX ONLY,Vitamin B complex,10084,
10380,HOLLAND AND BARRETT VITAMIN B COMPLEX WITH VITAMIN C,Vitamin B complex,10084,
10818,HOLLAND & BARRETT B-100 VITAMIN B COMPLEX,Vitamin B complex,10084,
11015,MAXIMUSCLE THERMOBOL,Vitamin B complex,10084,
10325,PHARMATON CAPSULES,Vitamin B complex,10084,
11027,VITAMIN B COMPLEX SUSTAINED RELEASE EG BOOTS RE-ENERGISE,Vitamin B complex,10084,
11133,VITAMIN B COMPLEX WITH B12,Vitamin B complex,10084,
9532,YEASTVITE TABLET,Vitamin B complex,10084,
10861,VITAMIN C 1000MG AND ZINC 10MG,Vitamin C (110mg) plus zinc (15mg),10092,
10700,VITAMIN C 1000MG AND ZINC 15MG,Vitamin C (110mg) plus zinc (15mg),10092,
10105,VITAMIN C 500MG AND ZINC 15MG ONLY,Vitamin C (110mg) plus zinc (15mg),10092,
10359,VITAMIN C 500MG AND ZINC 5MG,Vitamin C (110mg) plus zinc (15mg),10092,
10316,VITAMIN C 60MG AND ZINC 15MG,Vitamin C (110mg) plus zinc (15mg),10092,
11051,VITAMIN C 80MG AND ZINC 10MG,Vitamin C (110mg) plus zinc (15mg),10092,
10828,QUEST MULTIVITAMIN AND MINERAL SUPPLEMENT,Osteocare multivitamin and mineral supplements,10093,
10849,ASDA MULTIVITAMIN AND MINERAL SUPPLEMENT,Osteocare multivitamin and mineral supplements,10093,
10897,BOOTS EFFERVESCENT MULTIVITAMIN AND MINERAL SUPPLEMENT,Osteocare multivitamin and mineral supplements,10093,
10486,TESCO MULTIVITAMIN AND MINERAL SUPPLEMENT,Osteocare multivitamin and mineral supplements,10093,
10337,BIOCARE MULTIVITAMIN AND MINERAL TABLET,Osteocare multivitamin and mineral supplements,10093,
10571,FORCEVAL MULTIVITAMIN AND MINERAL,Osteocare multivitamin and mineral supplements,10093,
10432,BOOTS MULTIVITAMIN AND IRON (INCLUDES OTHER MINERALS),Osteocare multivitamin and mineral supplements,10093,
11137,BOOTS GENERAL HEALTH 50+ MULTIVITAMINS AND MINERALS,Osteocare multivitamin and mineral supplements,10093,
10094,ZIPVIT MULTIVITAMIN AND MINERAL TABLETS ONLY,Osteocare multivitamin and mineral supplements,10093,
10758,HEALTHSPAN OSTEO PLUS SUPPLEMENT,Osteocare multivitamin and mineral supplements,10093,
10249,VALUPAK MULTIVITAMINS AND MINERALS,Osteocare multivitamin and mineral supplements,10093,
11248,BOOTS RE-ENERGISE EFFERVESCENT MULTIVITAMIN AND MINERAL,Osteocare multivitamin and mineral supplements,10093,
11385,NEIL'S YARD REMEDIES MULTIVITAMIN AND MINERAL BOOST 2,Osteocare multivitamin and mineral supplements,10093,
10443,VIRIDIAN VIRIDIKID MULTIVITAMIN AND MINERAL TABLETS,Osteocare multivitamin and mineral supplements,10093,
10119,"HEALTHSPAN SELENIUM 200MCG WITH VITAMINS A,C,E",Osteocare multivitamin and mineral supplements,10093,
10863,SANATOGEN A-Z COMPLETE MULTIVITAMIN & MINERAL SUPPLEMENT,Osteocare multivitamin and mineral supplements,10093,
10360,SANATOGEN GOLD MULTIVITAMIN AND MINERAL TABLET,Osteocare multivitamin and mineral supplements,10093,
11272,CYTOPLAN WHOLEFOOD MULTIVITAMIN AND MINERAL,Osteocare multivitamin and mineral supplements,10093,
10855,SEVEN SEAS A-Z MULTIVITAMIN & MINERAL SUPPLEMENT WITH GINSENG,Osteocare multivitamin and mineral supplements,10093,
10589,BOOTS PROBIOTIC MULTIVITAMIN,Osteocare multivitamin and mineral supplements,10093,
10738,SOLGAR KANGAVITES MULTIVITAMIN AND MINERAL CHEWS,Osteocare multivitamin and mineral supplements,10093,
10821,LAMBERTS MULTIGUARD MULTIVITAMIN & MINERAL SUPPLEMENT,Osteocare multivitamin and mineral supplements,10093,
11204,HIGHER NATURE OSTEOFOOD CAPSULE,Osteocare multivitamin and mineral supplements,10093,
10100,BEROCCA STAY SHARP MULTIVITAMINS AND MINERALS ONLY,Osteocare multivitamin and mineral supplements,10093,
10702,MULTISANOSTOL MULTIVITAMIN AND CALCIUM SYRUP,Osteocare multivitamin and mineral supplements,10093,
10815,NATURES BEST OSTEOGUARD,Osteocare multivitamin and mineral supplements,10093,
11063,VITABIOTICS OSTEOCARE LIQUID,Osteocare multivitamin and mineral supplements,10093,
11271,ZIP FIT OVER 50S MULTIVITAMIN ACTIVE FORMULA TABLET,Osteocare multivitamin and mineral supplements,10093,
9302,"CALCICHEW (500 MG CALCIUM, 5 MICROGRAM D3)","Adcal D3, calcium (600mg) with vitamin D (10ug), including effervescent",10097,
2718,CALCIUM TABLETS (600MG) PLUS VITAMIN D (3 MICRO GRAM),Calcium (500mg) & vitamin D (10ug),10107,
10867,CALCIUM 250MG AND VITAMIN D 5MCG,Calcium (500mg) & vitamin D (10ug),10107,
10361,CALCIUM 500MG AND VIT D 1.25MCG,Calcium (500mg) & vitamin D (10ug),10107,
5440,CALCUIM (400 MG) AND VITAMIN D (5 MICROGRAM) CAPSULE,Calcium (500mg) & vitamin D (10ug),10107,
3246,CHEWABLE CALCIUM (500 MG) & VITAMIN D (10 MICROGRAM),Calcium (500mg) & vitamin D (10ug),10107,
9544,VITAMIN D (5 MICROGRAM) AND CALCIUM (800 MG) CAPSULES ONLY,Calcium (500mg) & vitamin D (10ug),10107,
11065,KELLOGGS FRUIT LOOPS,Lucky charms / Fruit loops,10123,
10645,"COW AND GATE BREAKFAST CEREALS, FLAVOURED, STAGE 1 4 MONTH+, DRY",Lucky charms / Fruit loops,10123,
10678,"COW AND GATE FRUITY CRUNCH CEREAL, DRY, FORTIFIED, STAGE 3",Lucky charms / Fruit loops,10123,
10662,COW AND GATE TROPICAL FRUIT CEREAL STAGE 2 FORTIFIED,Lucky charms / Fruit loops,10123,
11235,HARVEST MORN MULTI-GRAIN HOOPS,"Multigrain hoops (cheerios), supermarket brands",10123,
10659,"HEINZ STAGE 2 BREAKFAST CEREALS FOR BABIES, FORTIFIED",Lucky charms / Fruit loops,10123,
10660,"HEINZ STAGE 3/4 BREAKFAST CEREALS FOR BABIES, FORTIFIED",Lucky charms / Fruit loops,10123,
11059,FISH OIL 400MG AND EVENING PRIMROSE OIL 100MG,"Fish oil (500mg), with evening primrose (100mg) and vitamin E (1.8mg)",10137,
10476,FISH OIL CAPSULES 650MG WITH 5MG VIT E,"Fish oil (500mg), with evening primrose (100mg) and vitamin E (1.8mg)",10137,
11146,PARADOX OMEGA SCHOOL OMEGA 3 WITH VITAMIN D AND VITAMIN E,"Fish oil (500mg), with evening primrose (100mg) and vitamin E (1.8mg)",10137,
10816,SEVEN SEAS PULSE FISH OILS WITH VITAMIN E,"Fish oil (500mg), with evening primrose (100mg) and vitamin E (1.8mg)",10137,
10115,METHYL SULPHONYL METHANE MSM 800MG,"Glucosamine, chondroitin, and MSM",10138,
8081,SALMON MOUSSE PURCHASED,Salmon/tuna pate or mousse,10141,
9271,TUNA PATE,Salmon/tuna pate or mousse,10141,
10145,REDUCED SALT GRAVY GRANULES NOT MADE UP,"Gravy made from granules, reduced salt",10146,
11233,BENECOL PLUS HEART YOGURT DRINK,"Yoghurt drink, containing stanols/sterols (e.g. Benecol)",10152,
711,YOGURT DRINK,"Yoghurt drink, containing stanols/sterols (e.g. Benecol)",10152,
11254,"YOGURT DRINK FORTIFIED WITH VITAMINS B6, C AND D","Yoghurt drink, containing stanols/sterols (e.g. Benecol)",10152,
8285,QUORN STIR FRIED IN BLENDED VEGETABLE OIL,"Quorn stir fry, including vegetables (with noodles)",10153,
5394,ROSS VEG CHOW MEIN STIR FRIED IN OLIVE OIL,"Vegetable chow mein, stir fry (with noodles)",10153,
10966,OAT BASED MILK ALTERNATIVE UNFORTIFIED,"Oat milk/drink (e.g. Alpro, Oatly)",10159,
2451,SAVOURY WHITE SAUCE MADE WITH WHOLE MILK,"Bisto sauce mix/granules (eg White sauce, cheese sauce)",10161,
3722,"VITAMIN E CAPSULES, 400MG",Vitamin E 400IU (268mg),10163,
2956,"VITAMIN E TABLET, 167MG",Vitamin E 400IU (268mg),10163,
9600,VITAMIN E TABLET 100 MG,Vitamin E 400IU (268mg),10163,
10407,VITAMIN E TABLET 500MG,Vitamin E 400IU (268mg),10163,
9855,VIT E CAPSULE (600 MG),Vitamin E 400IU (268mg),10163,
10267,VITAMIN E 134MG (200IU) CAPSULE,Vitamin E 400IU (268mg),10163,
3779,VITAMIN E CAPSULE (201 MG),Vitamin E 400IU (268mg),10163,
2920,"VITAMIN E CAPSULE, 350MG",Vitamin E 400IU (268mg),10163,
2959,"VITAMIN E CAPSULE, 670MG",Vitamin E 400IU (268mg),10163,
5431,VITAMIN E TABLET 300MG,Vitamin E 400IU (268mg),10163,
10874,"VITAMIN E TABLET, 75MG",Vitamin E 400IU (268mg),10163,
10201,"VITAMIN E, ZINC AND SELENIUM CAPSULES",Vitamin E 400IU (268mg),10163,
11060,MENOPAUSE NUTRIENTS ONE A DAY EG WILKO,Menopause multivitamins and mineral supplement(e.g. Vitabiotics Menopace),10172,
11226,HEALTHSPAN MENOSERENE,Menopause multivitamins and mineral supplement(e.g. Vitabiotics Menopace),10172,
10378,SUPERDRUG TIME RELEASE MULTIVITAMIN AND MINERAL TABLET,Menopause multivitamins and mineral supplement(e.g. Vitabiotics Menopace),10172,
10781,HIGHER NATURE MENOPHASE,Menopause multivitamins and mineral supplement(e.g. Vitabiotics Menopace),10172,
10174,EXTRA HIGH STRENGTH COD LIVER OIL LIQUID,"Cod liver oil, high strength (1000mg) with vitamins A (400ug) and D (5ug)",10175,
10291,COD LIVER OIL 500MG AND CALCIUM 300MG SUPPLEMENT,"Cod liver oil, high strength (1000mg) with vitamins A (400ug) and D (5ug)",10175,
2710,"QUICHE, CHEESE AND ONION, PURCHASED",Vegetable based quiche (e.g. cheese & onion),10178,
5180,CAULIFLOWER AND BROCCOLI QUICHE,Vegetable based quiche (e.g. cheese & onion),10178,
8779,CHEESE & ONION QUICHE HOMEMADE,Vegetable based quiche (e.g. cheese & onion),10178,
9861,CHEESE & TOMATO QUICHE,Vegetable based quiche (e.g. cheese & onion),10178,
7772,MUSHROOM QUICHE NOT WHOLEMEAL,Vegetable based quiche (e.g. cheese & onion),10178,
3423,SPINACH AND GOATS CHEESE QUICHE WITH CREAM,Vegetable based quiche (e.g. cheese & onion),10178,
10258,HIPP-A-BISC TODDLER CEREAL,"Toddler cereal bar (e.g. Organix carrot cake cereal bar, Kiddylicious crispy sticks)",10181,
11267,WALKERS POPS,Walkers Sunbites,10182,
10933,"HIPP FLAVOURED BABY RICE CAKES, SAVOURY ONLY","Baby rice cake, flavoured (e.g. apple and raspberry)",10184,
10635,"BABY AND TODDLER PLAIN RICE CAKES, WITH THIAMIN, FROM 6-7 MONTHS","Baby rice cake, flavoured (e.g. apple and raspberry)",10184,
10673,"HEINZ FIRST FOODS BABY RICE, DRY, FORTIFIED, STAGE 1","Baby rice cake, flavoured (e.g. apple and raspberry)",10184,
10636,"PURE PLAIN BABY RICE WITH THIAMIN, STAGE 1 FROM 4 MONTHS+","Baby rice cake, flavoured (e.g. apple and raspberry)",10184,
5222,FRESH LAMB AND MINT SAUSAGE,Venison sausage,10186,
10547,VITABIOTICS FEROGLOBIN LIQUID IRON SUPPLEMENT,Iron liquid (7mg) with multivitamins and minerals e.g. Feroglobin,10189,
10188,"FLORAVITAL LIQUID IRON, VITAMIN AND HERB FORMULA",Iron liquid (7mg) with multivitamins and minerals e.g. Feroglobin,10189,
10599,STARFLOWER 500MG SUPPLEMENT,Starflower (Borage) oil (1000mg),10190,
10598,STARFLOWER 500MG AND VITAMIN E 10MG SUPPLEMENT,Starflower (Borage) oil (1000mg),10190,
10193,"CHILDRENS FISH OIL 185MG WITH VITS A,D,E","Childrens' fish oil (200mg) with vitamins A (400ug), C (30mg), D (2.5ug) and E (1.5mg)",10199,
10593,"CHILDRENS 400MG FISH OIL WITH VITAMINS A,C,D,E","Childrens' fish oil (200mg) with vitamins A (400ug), C (30mg), D (2.5ug) and E (1.5mg)",10199,
10567,"CHILDRENS 600MG FISH OIL WITH VITAMINS A,D,E","Childrens' fish oil (200mg) with vitamins A (400ug), C (30mg), D (2.5ug) and E (1.5mg)",10199,
10217,"CHILDRENS FISH OILS 250MG WITH VITAMINS A,C,D,E","Childrens' fish oil (200mg) with vitamins A (400ug), C (30mg), D (2.5ug) and E (1.5mg)",10199,
134,WHOLEMEAL BREAD FRIED BLENDED OIL,"Toast, multiseed wholemeal bread",10204,
10362,HEALTHY START CHILDRENS MULTIVITAMIN DROPS,"Childrens' multivitamins, drops",10212,
10757,ASDA KIDS MULTIVITAMIN TABLETS,"Childrens' multivitamins, drops",10212,
10546,FLORADIX KINDERVITAL FOR CHILDREN,"Childrens' multivitamins, drops",10212,
2709,CREME BRULEE,Crème brulee,10215,
10977,"FROMAGE FRAIS, LOW FAT, NATURAL, UNSWEETENED E.G. PETIT FILOUS",Petits Filous fromage frais,10218,
10341,EVENING PRIMROSE OIL 300MG,"Evening primrose oil, high strength (1000mg)",10221,
10405,EVENING PRIMROSE OIL 500MG AND 10MG VIT E,"Evening primrose oil, high strength (1000mg)",10221,
10464,EVENING PRIMROSE OIL CAPSULES 1300MG,"Evening primrose oil, high strength (1000mg)",10221,
10704,EVENING PROMROSE 700MG AND STARFLOWER 356MG,"Evening primrose oil, high strength (1000mg)",10221,
10389,EQUAZEN COD LIVER OIL AND EVENING PRIMROSE OIL LIQUID,Cod liver oil (500mg) and evening primrose (500mg),10224,
10229,"COD LIVER OIL 650MG AND EVENING PRIMROSE OIL 200MG WITH VITAMINS A,D",Cod liver oil (500mg) and evening primrose (500mg),10224,
10751,"COD LIVER OIL 660MG AND EVENING PRIMROSE OIL 330MG WITH VITA A,D,E",Cod liver oil (500mg) and evening primrose (500mg),10224,
10570,"DOUBLE STRENGTH CONCENTRATE, WITH ADDED SUGAR, NOT BLACKCURRANT","Double strength squash, no added sugar, not diluted",10231,
10569,"DOUBLE STRENGTH CONCENTRATE, WITH ADDED SUGAR, CONTAINS BLACKCURRANT","Double strength squash, no added sugar, not diluted",10231,
11312,CHILDRENS YOGURTS WITH ADDED VITAMIN D - PETIT FILOUS ONLY,"Children's yoghurt drink (e.g. Munch Bunch Squashums, Petits Filous yoghurt drinks)",10233,
8848,INFANT AND TODDLER STRAWBERRY YOGURT STAGE 2+,"Children's yoghurt drink (e.g. Munch Bunch Squashums, Petits Filous yoghurt drinks)",10233,
8935,"YOGURT, INFANTS OR TODDLERS","Children's yoghurt drink (e.g. Munch Bunch Squashums, Petits Filous yoghurt drinks)",10233,
10876,FLAXSEED/LINSEED OIL LIQUID,Flaxseed oil (1000mg),10235,
10847,FLAXSEED OIL 500MG & VITAMIN E 12MG,Flaxseed oil (1000mg),10235,
10376,"OMEGA 3,6 AND 9 CAPSULES (INC 800MG FLAXSEED)",Flaxseed oil (1000mg),10235,
2487,SOUP CONDENSED (MILK ONLY),"Cream of mushroom soup (condensed), canned, not made up",10242,
2486,SOUP CONDENSED (MILK&WATER),"Cream of mushroom soup (condensed), canned, not made up",10242,
10667,CERELAC APPLE AND WHEAT WITH MILK DRY WEIGHT STAGE 2,"Toddler/growing up milk (1-2 years) e.g. Aptamil 3, Cow & Gate 3",10243,
10628,"HIPP ORGANIC GROWING UP MILK, 10 MONTHS+, DRY WEIGHT","Toddler/growing up milk (1-2 years) e.g. Aptamil 3, Cow & Gate 3",10243,
10126,"HIPP ORGANIC STAGE 2 BREAKFAST DUET JARS, ANY","Toddler/growing up milk (1-2 years) e.g. Aptamil 3, Cow & Gate 3",10243,
10825,NATURES BEST COLLADEEN,Green tea extract,10247,
11142,NATURES BEST COLLADEEN VISAGE,Green tea extract,10247,
8706,LEMON TEA POWDER REDUCED SWEETNESS ADDED VITAMIN C,Green tea extract,10247,
10556,0.75% MILK PASTUERISED,Milk 1% fat,10251,
10549,"ONE PERCENT (1%) MILK, UHT",Milk 1% fat,10251,
10314,HOLLAND AND BARRETT COD LIVER OIL AND VITAMINS A AND D,"Cod liver oil (500-600mg), with vitamins A (800ug) and D (5-10ug)",10252,
10173,COD LIVER OIL 615MG,"Cod liver oil (500-600mg), with vitamins A (800ug) and D (5-10ug)",10252,
10591,COD LIVER OIL 500MG AND 267MG CALCIUM CAPSULES,"Cod liver oil (500-600mg), with vitamins A (800ug) and D (5-10ug)",10252,
10213,COD LIVER OIL 500MG WITH NO ADDED VITAMINS,"Cod liver oil (500-600mg), with vitamins A (800ug) and D (5-10ug)",10252,
10135,"COD LIVER OIL 525MG WITH VITS A 800MCG, VITAMIN D 2.5MCG AND VITAMIN E 0.3MG","Cod liver oil (500-600mg), with vitamins A (800ug) and D (5-10ug)",10252,
10737,"COD LIVER OIL 800MG WITH VITS A,D,E, AND GARLIC","Cod liver oil (500-600mg), with vitamins A (800ug) and D (5-10ug)",10252,
10165,"COD LIVER OIL OIL 1000MG CAPSULE WITH ADDED VITAMINS A,D,E","Cod liver oil (500-600mg), with vitamins A (800ug) and D (5-10ug)",10252,
10398,M&S SMOKED BACON AND CHEESE CRISPBAKES,Bacon and cheese grills,10263,
11070,TESCO CHOCCO/CHOCOLATE HOOPS CEREAL FORTIFIED,Chocolate hoops cereal,10274,
8138,CHOCOLATE BREAKFAST CEREAL UNFORTIFIED,Chocolate hoops cereal,10274,
10257,NEW DAY HONEY HOOPS CEREAL FORTIFIED,Chocolate hoops cereal,10274,
10280,COW AND GATE SUN MOON AND STARS CEREAL 1 YEAR+,Chocolate hoops cereal,10274,
10871,ASDA CHOCO CURLS CEREAL FORTIFIED,Chocolate hoops cereal,10274,
7740,FROMAGE FRAIS MOUSSE,Munch Bunch fromage frais,10276,
10262,NESTLE MUNCH BUNCH YOGURTS WITH ADDED VIT D,Munch Bunch fromage frais,10276,
10018,ITALIAN ARBORIO RISOTTO RICE -  RAW,Plain risotto,10282,
215,PORRIDGE MADE WITH WATER AND ADDED SALT,"Porridge, made with water",10284,
5279,CHICKEN CASSEROLE READY MEAL CHICKEN IN TOMATO/GRAVY/SAUCE & VEGETABLES,"Chicken in a tomato/BBQ sauce with potato wedges, ready meal, reduced fat",10298,
2705,"CHICKEN LEG, MARINATED, BBQ OR GRILLED, MEAT ONLY","Chicken in a tomato/BBQ sauce with potato wedges, ready meal, reduced fat",10298,
10219,ORGANIX GOODIES TODDLERS CORN SNACKS,Toddler corn snacks (e.g. organix carrot sticks and tomato stars),10308,
10462,HEINZ SAVOURY TODDLER FOOD WITH BEEF AND VEGETABLES 12 MONTH+,Toddler corn snacks (e.g. organix carrot sticks and tomato stars),10308,
10638,ORGANIX SWEETCORN RINGS CORN SNACKS WITH THIAMIN STAGE 2,Toddler corn snacks (e.g. organix carrot sticks and tomato stars),10308,
6968,"CREAM, NON-DAIRY, UHT, AEROSOL",Non dairy cream alternative (e.g. Alpro soya),10312,
10877,SPATONE IRON SUPPLEMENT,Iron (14mg),10315,
565,SOUFFLE SWEET,Sticky toffee pudding,10318,
9986,VERY LOW FAT SPREAD (20-25%) NOT PUFA LOW IN TRANS,Bertolli Light spread/margarine,10321,
10385,HEINZ APPLE BISCOTTI FOR BABIES AND TODDLERS FORTIFIED,"Baby biscuits/biscotti (e.g. Organix goodies, Heinz biscotti)",10329,
10633,ORGANIX BABY BISCUITS WITH THIAMIN,"Baby biscuits/biscotti (e.g. Organix goodies, Heinz biscotti)",10329,
10665,HEINZ CHOCOLATE BISCOTTI STAGE 2 FORTIFIED,"Baby biscuits/biscotti (e.g. Organix goodies, Heinz biscotti)",10329,
10666,HEINZ ORGANIC PLAIN AND ORGANIC GINGERBREAD BISCOTTI STAGE 2,"Baby biscuits/biscotti (e.g. Organix goodies, Heinz biscotti)",10329,
216,PORRIDGE MADE WITH WHOLE MILK AND ADDED SALT,"Porridge, made with whole milk",10338,
217,PORRIDGE MADE WITH WHOLE MILK & WATER AND ADDED SALT,"Porridge, made with whole milk",10338,
11299,FUEL 10K PROTIBRICK PROTEIN BOOSTED WHEAT BISCUITS,Promax protein meal bar,10354,
11222,HERBALIFE PROTEIN BAR,Promax protein meal bar,10354,
10185,VIPER EXTREME ENERGY BAR,Promax protein meal bar,10354,
8597,SQUID FRIED IN BLENDED VEGETABLE OIL,"Squid ring (calamari) coated, fried",10357,
11005,"CALAMARI, COATED IN BATTER, BAKED","Squid ring (calamari) coated, fried",10357,
10078,"BASSETTS SOFT AND CHEWY VITAMINS A,C,D,E","Bassetts chewy Early Health vitamins with A (400ug), B6 (1.4mg), C (8mg), D (5ug) (age 3-6 )",10365,
11064,BASSETTS ON THE GO VITALITY VITAMINS,"Bassetts chewy Early Health vitamins with A (400ug), B6 (1.4mg), C (8mg), D (5ug) (age 3-6 )",10365,
11220,BASSETTS SOFT & CHEWY SKIN HEALTH AND HORMONE BALANCE MULTIVITAMINS,"Bassetts chewy Early Health vitamins with A (400ug), B6 (1.4mg), C (8mg), D (5ug) (age 3-6 )",10365,
10526,BASSETTS ACTIVE HEALTH VITAMIN AND MINERAL CHEWS,"Bassetts chewy Early Health vitamins with A (400ug), B6 (1.4mg), C (8mg), D (5ug) (age 3-6 )",10365,
10246,BASSETTS SOFT AND CHEWY MULTIVITAMINS BLACKCURRANT FLAVOUR,"Bassetts chewy Early Health vitamins with A (400ug), B6 (1.4mg), C (8mg), D (5ug) (age 3-6 )",10365,
9949,OATBRAN TABLETS (SOLGAR),High-fibre therapeutic drink (e.g. Fybogel),10375,
8661,CHOCOLATE DAIRY DESSERTS CHILLED EG.CADBURY,"Chocolate dairy dessert, (e.g. Cadbury Buttons/Flake, Nestle Rolo)",10396,
10677,"COW AND GATE DAIRY DESSERT POTS, ANY FLAVOUR, STAGE 1+","Chocolate dairy dessert, (e.g. Cadbury Buttons/Flake, Nestle Rolo)",10396,
3013,TOFFEE AND CHOCOLATE DESSERT E.G WEIGHT WATCHERS,"Chocolate dairy dessert, (e.g. Cadbury Buttons/Flake, Nestle Rolo)",10396,
10471,HEINZ BANANA AND CHOCOLATE DESSERT,"Chocolate dairy dessert, (e.g. Cadbury Buttons/Flake, Nestle Rolo)",10396,
8849,TODDLERS CHOCOLATE DESSERT NOT FORTIFIED NOT CREAM,"Chocolate dairy dessert, (e.g. Cadbury Buttons/Flake, Nestle Rolo)",10396,
3237,GOATS MILK UHT,"Goats milk, whole",10397,
623,MILK GOATS SUMMER,"Goats milk, semi skimmed",10397,
624,MILK GOATS WINTER,"Goats milk, semi skimmed",10397,
10979,"NANNY CARE GOAT MILK NUTRITION  FORMULA, MADE UP","Goats milk, semi skimmed",10397,
10416,SKIMMED GOATS MILK PASTEURISED,"Goats milk, skimmed",10397,
10086,"HEALTHY DIRECT GLUCOSAMINE, CHONDROITON, MSM, VITAMIN C ONLY","Glucosamine, chondroitin, MSM, and vitamin C (60mg)",10412,
684,CHEESE SPREAD TRIANGLES FLAVOURED,Cheese spread/triangle (e.g Dairylea),10413,
685,CHEESE SPREADS TRIANGLES PLAIN,Cheese spread/triangle (e.g Dairylea),10413,
10501,"CHEESE SPREADS TRIANGLES PLAIN NOT FORTIFIED, NOT DAIRYLEA, NOT LOW COST RANGES EG VALUE",Cheese spread/triangle (e.g Dairylea),10413,
10961,CHEESE SPREAD CONTAINING CHEDDAR CHEESE,Cheese spread/triangle (e.g Dairylea),10413,
11179,CHEESE SPREAD DAIRYLEA MIGHTY MATURE,Cheese spread/triangle (e.g Dairylea),10413,
10500,"CHEESE SPREADS TRIANGLES PLAIN, FORTIFED WITH CALCIUM, NOT DAIRYLEA, NOT LOW COST RANGE EG VALUE",Cheese spread/triangle (e.g Dairylea),10413,
10502,"CHEESE SPREADS TRIANGLES PLAIN, LOW COST RANGES EG VALUE",Cheese spread/triangle (e.g Dairylea),10413,
4414,PROCESSED CHEESE SPREAD LOW FAT,Cheese spread/triangle (e.g Dairylea),10413,
10503,PROCESSED CHEESE SPREAD LOW FAT FORTIFIED WITH CALCIUM NOT DAIRYLEA OR LAUGHING COW,Cheese spread/triangle (e.g Dairylea),10413,
10505,PROCESSED CHEESE SPREAD LOW FAT NOT FORTIFED WITH CALCIUM EG LAUGHING COW,Cheese spread/triangle (e.g Dairylea),10413,
10504,"PROCESSED CHEESE SPREAD LOW FAT, DAIRYLEA ONLY",Cheese spread/triangle (e.g Dairylea),10413,
10728,ALMUS VITAMIN B COMPOUND STRONG TABLETS,"Vitamin B complex, high strength (e.g. Super B complex)",10438,
9374,TORTES NOT CHOCOLATE BASED PURCHASED FROZEN,Chocolate tart/torte,10447,
7755,YOGURT DRINK CONTAINING FRUIT PUREE,Probiotic yoghurt drink with fruit (e.g. Actimel),10466,
10133,MULLER VITALITY PROBIOTIC DRINK WITH OMEGA 3,Probiotic yoghurt drink with fruit (e.g. Actimel),10466,
5326,TOAD-IN-THE-HOLE MADE WITH PORK SAUSAGES & SSMILK,Toad in the hole,10470,
10244,ABIDEC MULTIVITAMIN SYRUP WITH OMEGA 3,"Fish oil (Omega 3, 100mg), with vitamins A (400ug), C (80mg), D (5ug), E (12mg), B5 (6mg), B6 (1.4mg)",10474,
11075,BOOTS MULTIVITAMIN AND OMEGA SYRUP 12MONTHS+,"Fish oil (Omega 3, 100mg), with vitamins A (400ug), C (80mg), D (5ug), E (12mg), B5 (6mg), B6 (1.4mg)",10474,
10177,"FLAXSEED, FISH AND STARFLOWER OIL CAPSULE","Fish oil (Omega 3, 100mg), with vitamins A (400ug), C (80mg), D (5ug), E (12mg), B5 (6mg), B6 (1.4mg)",10474,
10869,L'IL CRITTERS OMEGA 3 GUMMY FISH SUPPLEMENT,"Fish oil (Omega 3, 100mg), with vitamins A (400ug), C (80mg), D (5ug), E (12mg), B5 (6mg), B6 (1.4mg)",10474,
11219,"OMEGA 3 WITH VITAMINS A, B, C, D AND E","Fish oil (Omega 3, 100mg), with vitamins A (400ug), C (80mg), D (5ug), E (12mg), B5 (6mg), B6 (1.4mg)",10474,
11140,"OMEGA 3 WITH VITAMINS A, C, D AND E EG SEVEN SEAS","Fish oil (Omega 3, 100mg), with vitamins A (400ug), C (80mg), D (5ug), E (12mg), B5 (6mg), B6 (1.4mg)",10474,
11336,SEVEN SEAS HEALTH SUNDHINE VITAMIN D PLUS OMEGA-3 FISH OIL CAPSULES,"Fish oil (Omega 3, 100mg), with vitamins A (400ug), C (80mg), D (5ug), E (12mg), B5 (6mg), B6 (1.4mg)",10474,
10393,"TESCO CHEWBURST OMEGA 3 WITH VITAMINS A,C,D,E","Fish oil (Omega 3, 100mg), with vitamins A (400ug), C (80mg), D (5ug), E (12mg), B5 (6mg), B6 (1.4mg)",10474,
11162,HALIBORANGE KIDS VITAMIN C IMMUNE SOFFTIES,Childrens' vitamin C (120mg) plus zinc (3mg),10478,
6827,"SUNNY D FRUIT JUICE DRINK, FORMERLY SUNNY DELIGHT","Fruit juice drink, fortified with vitamins (e.g. Sunny D)",10492,
3548,"FRUIT JUICE DRINK WITH VIT A, C & E E.G. SUN EXOTIC","Fruit juice drink, fortified with vitamins (e.g. Sunny D)",10492,
10490,"FRUIT JUICE DRINK RTD NAS WITH VITAMINS A,C,E, AND CALCIUM","Fruit juice drink, fortified with vitamins (e.g. Sunny D)",10492,
11288,GET MORE MANGO AND PASSION FRUIT DRINK WITH ADDED VITAMIN D AND CALCIUM,"Fruit juice drink, fortified with vitamins (e.g. Sunny D)",10492,
10722,ACAI BERRY JUICE DRINK WITH VITAMIN B6,"Fruit juice drink, fortified with vitamins (e.g. Sunny D)",10492,
10481,FIVE ALIVE BERRY BLAST RTD ONLY,"Fruit juice drink, fortified with vitamins (e.g. Sunny D)",10492,
10465,FIVE ALIVE CITRUS BURST RTD ONLY,"Fruit juice drink, fortified with vitamins (e.g. Sunny D)",10492,
10480,FIVE ALIVE TROPICAL HIT RTD ONLY,"Fruit juice drink, fortified with vitamins (e.g. Sunny D)",10492,
11243,VITAMIN HIT JUICE DRINK WITH SWEETENER FORTIFIED,"Fruit juice drink, fortified with vitamins (e.g. Sunny D)",10492,
5112,FRUIT FLAVOUR DRINK NO JUICE RTD NOT LOW CALORIE,"Fruit juice drink, fortified with vitamins (e.g. Sunny D)",10492,
11265,GOLDENBERRY JUICE DRINK WITH ADDED VITAMIN A,"Fruit juice drink, fortified with vitamins (e.g. Sunny D)",10492,
3257,"SUNNY D, NO ADDED SUGAR JUICE DRINK, FORMERLY SUNNY DELIGHT","Fruit juice drink, fortified with vitamins (e.g. Sunny D)",10492,
10856,"LINESSA LIGHT MULTIVITAMIN NECTAR RTD FRUIT JUICE, FORTIFIED","Fruit juice drink, fortified with vitamins (e.g. Sunny D)",10492,
11257,FRUIT JUICE DRINK NAS FORTIFIED WITH MULTIVITAMINS,"Fruit juice drink, fortified with vitamins (e.g. Sunny D)",10492,
11156,SOLEVITA A+C+E DRINK FORTIFIED,"Fruit juice drink, fortified with vitamins (e.g. Sunny D)",10492,
10310,TESCO FRUIT JUICE DRINK RTD FORTIFIED,"Fruit juice drink, fortified with vitamins (e.g. Sunny D)",10492,
3556,LIDL ACE VITAMIN FRUIT JUICE DRINK,"Fruit juice drink, fortified with vitamins (e.g. Sunny D)",10492,
3900,FRUIT JUICE DRINKS FORTIFIED RTD NAS EG ASDA,"Fruit juice drink, fortified with vitamins (e.g. Sunny D)",10492,
11043,FRUIT/VEGETABLE JUICE DRINKS FORTIFIED ACE NOT LOW CAL EG PURITY DRINKS JUICE BURST,"Fruit juice drink, fortified with vitamins (e.g. Sunny D)",10492,
10680,ALDI FRUIT SHOTS JUICE DRINKS RTD FORTIFIED,"Fruit juice drink, fortified with vitamins (e.g. Sunny D)",10492,
10261,DALE FARM SUPA SUKIE ORANGE FRUIT DRINK FORTIFIED,"Fruit juice drink, fortified with vitamins (e.g. Sunny D)",10492,
10499,ORANGE JUICE DRINK NAS WITH VIT C AND CALCIUM,"Fruit juice drink, fortified with vitamins (e.g. Sunny D)",10492,
3749,PURDEYS MULTIVITAMIN FRUIT DRINK,"Fruit juice drink, fortified with vitamins (e.g. Sunny D)",10492,
10305,"MALT WHEAT CEREAL, SHREDDIES TYPE, FORTIFIED, OWN BRAND","Malt Wheats (Shreddies), supermarket brands",10510,
11224,CO-OPERATIVE MALT CRUNCHIES,"Malt Wheats (Shreddies), supermarket brands",10510,
11157,TESCO RASPBERRY MALT WHEATS FORTIFIED,"Malt Wheats (Shreddies), supermarket brands",10510,
232,CRUNCHY NUT CORNFLAKES KELLOGGS & OWN BRAND,Kellogg's Crunchy Nut Cornflakes,10512,
8086,CRUNCHY NUT CLUSTERS KELLOGGS,Kellogg's Crunchy Nut Cornflakes,10512,
10320,HARVEST MORN HONEY NUT CORNFLAKES,Crunchy honey nut cornflakes (supermarket brands),10513,
10238,NESTLE NESTUM HONEY CORNFLAKE CEREAL FORTIFIED,Crunchy honey nut cornflakes (supermarket brands),10513,
2675,"INSTANT HOT OAT CEREAL, NOT FLAVOURED, DRY WEIGHT FORTIFIED EG READY BREK","Ready Brek or other fortified instant oat cereal, uncooked (eg. Sainsburys & Tesco instant oats)",10514,
7640,"INSTANT HOT OAT CEREAL, PLAIN, MADE WITH SEMI-SKIMMED MILK, EG. READY BREK, OATSO SIMPLE","Ready Brek or other fortified instant oat cereal, uncooked (eg. Sainsburys & Tesco instant oats)",10514,
8005,"READY BREK CHOCOLATE FLAVOUR, DRY WEIGHT","Ready Brek or other fortified instant oat cereal, uncooked (eg. Sainsburys & Tesco instant oats)",10514,
10440,"INSTANT HOT OAT CEREAL, HONEY FLAVOURED, DRY WEIGHT FORTIFIED EG READY BREK","Ready Brek or other fortified instant oat cereal, uncooked (eg. Sainsburys & Tesco instant oats)",10514,
369,PLAIN SCONES,"Scone, plain",10518,
5686,PLAIN SCONES MADE WITH BUTTER,"Scone, plain",10518,
9586,PLAIN SCONES MADE W PUFA MARG,"Scone, plain",10518,
8508,"SPONGE CAKE WITH JAM AND BUTTERCREAM FILLING, HOMEMADE",Sponge cake with jam and buttercream filling,10519,
376,SWISS ROLL/SPONGE NO FAT JAM FILLING,Sponge cake with jam and buttercream filling,10519,
413,VICTORIA SANDWICH WITH JAM FILLING & ICING,Sponge cake with jam and buttercream filling,10519,
11340,OLD EL PASO MEXICAN SPICE MIXES E.G FAJITA SEASONING MIX,Mexican spices (e.g. cajun/taco seasoning),10531,
7731,"CHEESE, CHEDDAR TYPE, HALF FAT",Reduced fat hard cheese (e.g. Cheddar/Cheshire),10543,
659,CHEESE CHEDDAR LOW FAT,Reduced fat hard cheese (e.g. Cheddar/Cheshire),10543,
3557,BETA CAROTENE CAPSULE 15 MG,Beta carotene (6mg),10560,
1878,POTATO CHIPS OVEN READY BAKED,Oven chips,10561,
8137,SEASONED FRIES/CHIPS OVEN BAKED,Oven chips,10561,
1877,POTATO CHIPS OVEN READY THICK CUT BAKED,Oven chips,10561,
10128,CRINKLE CUT CHIPS OVEN BAKED,Oven chips,10561,
8897,SOUTHERN FRIES FRIED IN VEGETABLE OIL,Southern fries / Seasoned fries,10562,
7883,TRANSFORM-A-SNACK AND OTHER CEREAL MAINLY MAIZE AND POTATO SNACK,"Corn snacks (e.g. Monster Munch, Wotsits, Transform-A-Snack)",10563,
2627,TAYTO CORN SNACKS ONLY,"Corn snacks (e.g. Monster Munch, Wotsits, Transform-A-Snack)",10563,
10537,WOTSITS,"Corn snacks (e.g. Monster Munch, Wotsits, Transform-A-Snack)",10563,
7954,BALISTO LION BAR PICNIC CRISPY CARAMEL,"Chocolate covered bar with caramel and cereal (e.g. Lion bar, Picnic, Toffee Crisp)",10564,
11054,"NESTLE TOFFEE CRISP BAR/BISCUIT, FORTIFIED","Chocolate covered bar with caramel and cereal (e.g. Lion bar, Picnic, Toffee Crisp)",10564,
8018,CHOCOLATE WITH FONDANT MINT FILLING AND OR CRISPY PIECES,"Chocolate covered bar with caramel and cereal (e.g. Lion bar, Picnic, Toffee Crisp)",10564,
11053,CADBURY PICNIC BAR,"Chocolate covered bar with caramel and cereal (e.g. Lion bar, Picnic, Toffee Crisp)",10564,
9616,HALO REDUCED CALORIE AND FAT CHOCOLATE BAR,"Chocolate covered bar with caramel and cereal (e.g. Lion bar, Picnic, Toffee Crisp)",10564,
11018,CALCIUM 1000MG AND MAGNESIUM 500MG WITH VITAMIN D 15MCG AND ZINC 10MG,Calcium (250mg) & magnesium (157mg),10566,
11022,"CALCIUM 400MG, MAGNESIUM 200MG, ZINC 7.5MG AND COPPER 1MG",Calcium (250mg) & magnesium (157mg),10566,
10597,"HALIBORANGE KIDS MULTIVITAMIN, CALCIUM AND IRON SUPPLEMENT",Calcium (250mg) & magnesium (157mg),10566,
11058,"POURING YOGURT, SOYA ALTERNATIVE, VANILLA, FORTIFIED","Soya yoghurt, plain (e.g. Alpro Soya)",10575,
7127,"YOGURT, SOYA ALTERNATIVE, LOW FAT FRUIT, WITH ADDED SUGAR, CA, B12 AND B2","Soya yoghurt, plain (e.g. Alpro Soya)",10575,
2636,VENDING MACHINE COFFEE & WHITENER,Cappuccino coffee,10577,
9507,FERROUS SULPHATE TABLETS 200MG (IRON 60MG),"Prescription iron supplement: Ferrous sulfate/fumerate, 210mg (69mg iron)",10579,
9979,FERROUS FUMARATE TABLETS 200MG (65MG IRON),"Prescription iron supplement: Ferrous sulfate/fumerate, 210mg (69mg iron)",10579,
9657,FERROUS SULPHATE (50MG IRON) TABLETS,"Prescription iron supplement: Ferrous sulfate/fumerate, 210mg (69mg iron)",10579,
3712,"CHOCOLATE PUDDING WITH BUTTER, EGGS AND SUGAR","Chocolate sponge pudding, including melt in the middle",10581,
10862,BELVITA BREAKFAST YOGURT CRUNCH BISCUITS FORTIFIED,Belvita breakfast biscuits,10584,
11263,SAINSBURYS BREAKFAST BISCUITS,Belvita breakfast biscuits,10584,
11260,COUNT DOWN BREAKFAST BISCUITS,Belvita breakfast biscuits,10584,
10479,FISH OIL CAPSULE HIGH STRENGTH 1300MG,Fish oil (1100mg) with Omega 3 (700mg),10585,
11280,FOREVER ARTIC SEA,Fish oil (1100mg) with Omega 3 (700mg),10585,
10582,OMEGA 3 FISH OIL LIQUID (1450MG),Fish oil (1100mg) with Omega 3 (700mg),10585,
10372,PARADOX OIL LIQUID SUPPLEMENT (FISH OIL AND OLIVE OIL BASE),Fish oil (1100mg) with Omega 3 (700mg),10585,
10150,SEVEN SEAS PROBRAIN 700MG FISH OIL WITH GINKGO,Fish oil (1100mg) with Omega 3 (700mg),10585,
11414,VITABIOTICS CARDIOACE PLUS FORMULA,Fish oil (1100mg) with Omega 3 (700mg),10585,
7112,CHEESE SOFT MEDIUM FAT,"Mozzarella cheese, reduced fat",10590,
10604,STOCK CUBES FOR INFANTS AND TODDLERS,Stock cubes for infants and toddlers (made up),10602,
10609,"SMA FIRST INFANT FORMULA MILK, MADE UP (PREVIOUSLY SMA GOLD)","SMA Toddler milk, for 1 year plus, made up",10606,
10608,"SMA EXTRA HUNGRY INFANT FORMULA MILK, MADE UP (PREVIOUSLY SMA WHITE)","SMA Toddler milk, for 1 year plus, made up",10606,
10605,"SMA TODDLER MILK, 1 YEAR+, DRY WEIGHT ONLY","SMA Toddler milk, for 1 year plus, made up",10606,
10530,"NANNY CARE GROWING UP MILK, 12 MONTHS+, MADE UP","SMA Toddler milk, for 1 year plus, made up",10606,
10629,"HIPP ORGANIC GROWING UP MILK, 10 MONTHS+, MADE UP","SMA Toddler milk, for 1 year plus, made up",10606,
10529,"NANNY CARE GROWING UP MILK, 12 MONTHS+, DRY POWDER","SMA Toddler milk, for 1 year plus, made up",10606,
7945,"SMA PROGRESS, DRY WEIGHT","SMA Toddler milk, for 1 year plus, made up",10606,
11281,"APTAMIL PEPTI 2, MADE UP","Follow on baby milk/ formula (6-12 months) e.g. Aptamil 2, Cow & Gate 2",10607,
7935,"COW & GATE INFANT FORMULA FOR HUNGRIER BABIES, DRY WEIGHT","Baby milk/infant formula (0-12 months) e.g. Aptamil 1, Cow & Gate 1",10607,
10611,"COW AND GATE FIRST INFANT FORMULA MILK, MADE UP","Baby milk/infant formula (0-12 months) e.g. Aptamil 1, Cow & Gate 1",10607,
10620,"APTAMIL FOLLOW-ON INFANT FORMULA MILK, DRY WEIGHT","Baby milk/infant formula (0-12 months) e.g. Aptamil 1, Cow & Gate 1",10607,
10621,"APTAMIL GROWING-UP MILK FORMULA, TODDLERS 1 YEAR+, DRY WEIGHT","Baby milk/infant formula (0-12 months) e.g. Aptamil 1, Cow & Gate 1",10607,
10444,COW AND GATE FOLLOW ON MILK POWDER FOR INFANTS 6+ MONTHS MADE UP,"Follow on baby milk/ formula (6-12 months) e.g. Aptamil 2, Cow & Gate 2",10607,
10521,"HIPP GOOD NIGHT INFANT FORMULA MILK, STAGE 1 (6MTH+) MADE UP","Baby milk/infant formula (0-12 months) e.g. Aptamil 1, Cow & Gate 1",10607,
10528,"NUTRAMIGEN INFANT FORMULA (2) FROM 6 MONTHS, MADE UP","Baby milk/infant formula (0-12 months) e.g. Aptamil 1, Cow & Gate 1",10607,
10371,MILUPA APTAMIL FOLLOW-ON INFANT MILK READY TO DRINK,"Baby milk/infant formula (0-12 months) e.g. Aptamil 1, Cow & Gate 1",10607,
10248,"MILUPA APTAMIL FOLLOW ON MILK (3), MADE UP","Follow on baby milk/ formula (6-12 months) e.g. Aptamil 2, Cow & Gate 2",10607,
10981,"COW AND GATE PEPTI-JUNIOR FORMULA, MADE UP","Baby milk/infant formula (0-12 months) e.g. Aptamil 1, Cow & Gate 1",10607,
8737,COW & GATE INFASOY INFANT FORMULA MADE UP,Soya-based baby milk/infant formula (0-12 months)  e.g. SMA Wysoy,10610,
10451,BIOCARE JUNIOR MULTIVITAMINS AND MINERALS,Haliborange Childrens' chewable Multivitamins (age 3 plus),10701,
10113,"SEVEN SEAS HALIBORANGE VITAMIN A,C,D CHEWABLE TABLET",Haliborange Childrens' chewable Multivitamins (age 3 plus),10701,
11190,DISNEY GUMMIES CHILDREN'S MULTIVITAMINS,Haliborange Childrens' chewable Multivitamins (age 3 plus),10701,
10713,YORKSHIRE PUDDING MADE UP FROM PACKET MIX WITH EGG AND WATER,"Yorkshire pudding, shop-bought (e.g. Aunt Bessie)",10712,
558,MILK PUDDING MADE WITH SKIMMED MILK,"Yorkshire pudding, shop-bought (e.g. Aunt Bessie)",10712,
556,MILK PUDDINGS MADE WITH WHOLE MILK,"Yorkshire pudding, shop-bought (e.g. Aunt Bessie)",10712,
7130,"YORKSHIRE PUDDING FILLED WITH GRAVY, BEEF AND VEGETABLES. READY MEAL","Yorkshire pudding, shop-bought (e.g. Aunt Bessie)",10712,
10710,YORKSHIRE PUDDING MADE WITH SEMI-SKIMMED MILK AND BVO HOMEMADE,"Yorkshire pudding, homemade",10714,
10711,YORKSHIRE PUDDING MADE WITH WHOLE MILK AND BVO HOMEMADE,"Yorkshire pudding, homemade",10714,
10709,YORKSHIRE PUDDING MADE WITH SKIMMED MILK AND BVO HOMEMADE,"Yorkshire pudding, homemade",10714,
576,YORKSHIRE PUDDING MADE WITH WHOLE MILK,"Yorkshire pudding, homemade",10714,
4112,YORKSHIRE PUDDING MADE WITH SKIMMED MILK,"Yorkshire pudding, homemade",10714,
7603,YORKSHIRE PUDDING MADE WITH SEMI-SKIMMED MILK,"Yorkshire pudding, homemade",10714,
8643,YORKSHIRE PUDDING MADE WITHOUT FAT,"Yorkshire pudding, homemade",10714,
5215,YORKSHIRE PUDDING MADE WITH S SKIM MILK AND PUFA,"Yorkshire pudding, homemade",10714,
3959,"YORKSHIRE PUDDING, SEMI-SKIMMED MILK, EGGS, LARD","Yorkshire pudding, homemade",10714,
3964,"YORKSHIRE PUDDING, WHOLE MILK, EGG, PACKET MIX","Yorkshire pudding, homemade",10714,
8364,YORKSHIRE PUDDING PACKET MIX MADE UP,"Yorkshire pudding, homemade",10714,
8365,YORKSHIRE PUDDING FROZEN,"Yorkshire pudding, homemade",10714,
8614,YORKSHIRE PUDDING MIX MADE UP WITH EGG & WATER,"Yorkshire pudding, homemade",10714,
6223,YORKSHIRE PUDD WITH S/S MILK NO FAT,"Yorkshire pudding, homemade",10714,
10719,DECAFFEINATED SKINNY CAPPUCCINO (ESPRESSO AND SKIMMED MILK) TAKEAWAY ONLY,"Decaf cappuccino coffee, made with skimmed milk (skinny cappuccino)",10718,
10859,DECAFFEINATED CAPPUCCINO (ESPRESSO AND SEMI SKIMMED MILK) TAKEAWAY ONLY,"Decaf cappuccino coffee, made with skimmed milk (skinny cappuccino)",10718,
9278,HORLICKS CHOCOLATE NOT INSTANT NOT LOW FAT DRY WEI,"Horlicks/Ovaltine, made with milk",10724,
9368,INSTANT MALTED DRINKS DRY WEIGHT NOT FORTIFIED,"Horlicks/Ovaltine, made with milk",10724,
9367,MALTED DRINKS DRY WEIGHT OWN BRAND NOT FORITFIED,"Horlicks/Ovaltine, made with milk",10724,
2301,NESTLE MILO CHOC MALT DRINK FORTIFIED,"Horlicks/Ovaltine, made with milk",10724,
2640,VENDING MACHINE HOT CHOCOLATE,"Hot chocolate, made with milk",10724,
8065,HOT CHOCOLATE (WITH CREAM) WHOLE MILK TAKEAWAY ONLY,"Hot chocolate, made with milk, topped with cream",10725,
8064,HOT CHOCOLATE (NO CREAM) SKIMMED MILK TAKEAWAY ONLY,"Hot chocolate, made with milk, topped with cream",10725,
8063,HOT CHOCOLATE (NO CREAM) WHOLE MILK TAKEAWAY ONLY,"Hot chocolate, made with milk, topped with cream",10725,
8053,LATTE (ESPRESSO AND WHOLE MILK) TAKEAWAY ONLY,Latte coffee,10729,
2637,VENDING COFFEE WHITENER & SUGAR,Latte coffee,10729,
9971,"CARROT AND CORIANDER SOUP, PURCHASED EG TESCO","Carrot soup (e.g. carrot & coriander), canned",10731,
11025,WEETABIX WITH GOLDEN SYRUP FORTIFIED,"Weetabix, chocolate",10745,
11227,"SMOOTHIES, YELLOW, PURCHASED, WITH COCONUT, FRUIT/JUICE BLEND (1 PORTION)",Yellow fruit smoothie (e.g. coconut and mango),10746,
8023,SMOOTHIES YELLOW BOTTLED PURCHASED FRUIT AND JUICE BLEND,Yellow fruit smoothie (e.g. coconut and mango),10746,
10524,"SMOOTHIES, YELLOW, PURCHASED, CONTAINING COCONUT",Yellow fruit smoothie (e.g. coconut and mango),10746,
11228,"SMOOTHIES RED, PURCHASED, FRUIT/JUICE BLEND (MAX 2 PORTIONS), FORTIFIED",Red berry fruit smoothie (e.g. strawberry and banana),10747,
11182,"NAKED STRAWBERRY, RASBERRY & CRANBERRY JUICE SMOOTHIE FORTIFIED",Red berry fruit smoothie (e.g. strawberry and banana),10747,
8024,SMOOTHIES RED BOTTLED PURCHASED FRUIT AND JUICE BLENDS,Red berry fruit smoothie (e.g. strawberry and banana),10747,
10573,"COD LIVER OIL COMBINATION WITH VITAMIN A,D,E LIQUID","Cod liver oil (500mg), with vitamin A (400ug) and D (5ug)",10761,
10382,COD LIVER OIL 500MG AND MULTIVITAMINS,"Cod liver oil (500mg), with vitamin A (400ug) and D (5ug)",10761,
10387,COD LIVER OIL 410MG WITH VIT A 375MCG AND VIT D 3.37MCG,"Cod liver oil (500mg), with vitamin A (400ug) and D (5ug)",10761,
10266,"CHILDRENS COD LIVER OIL SYRUP WITH VITAMINS A,C,D,E","Cod liver oil (500mg), with vitamin A (400ug) and D (5ug)",10761,
10176,COD LIVER OIL 1000MG WITH ADDED VITAMINS A AND D,"Cod liver oil (500mg), with vitamin A (400ug) and D (5ug)",10761,
10136,COD LIVER OIL 260MG AND GLUCOSAMINE,"Cod liver oil (500mg), with vitamin A (400ug) and D (5ug)",10761,
10162,COD LIVER OIL 400MG WITH 800MCG VIT A AND 5MCG VIT D,"Cod liver oil (500mg), with vitamin A (400ug) and D (5ug)",10761,
10151,"COD LIVER OIL 550MG WITH VITAMINS A,D,E","Cod liver oil (500mg), with vitamin A (400ug) and D (5ug)",10761,
10880,COD LIVER OIL 570MG,"Cod liver oil (500mg), with vitamin A (400ug) and D (5ug)",10761,
10148,COD LIVER OIL LIQUID,"Cod liver oil (500mg), with vitamin A (400ug) and D (5ug)",10761,
10110,"GOLDSHIELD SELENIUM 100MCG AND VITAMINS A,C,E","Cod liver oil (500mg), with vitamin A (400ug) and D (5ug)",10761,
10391,MALT EXTRACT AND COD LIVER OIL SYRUP,"Cod liver oil (500mg), with vitamin A (400ug) and D (5ug)",10761,
10875,VITAMIN A (1200MCG) AND VITAMIN D (10MCG) TABLET,"Cod liver oil (500mg), with vitamin A (400ug) and D (5ug)",10761,
10281,MAGNESIUM 300MG,Magnesium (250/300 mg),10767,
3767,MAGNESIUM TABLET (150MG),Magnesium (250/300 mg),10767,
11016,MAGNESIUM 375MG WITH VITAMIN B COMPLEX AND C,Magnesium (250/300 mg),10767,
10210,MAGNESIUM 473MG AND PANTOTHENATE 26MG,Magnesium (250/300 mg),10767,
2268,POPCORN HOMEMADE NO ADDED SALT,Plain popcorn,10770,
4168,"HOVIS, BEST OF BOTH WHITE BREAD WITH ADDED WHEATGERM, TOASTED","Toast, Hovis Best of Both bread",10776,
8059,MOCHA (NO CREAM) ESPRESSO AND WHOLE MILK TAKEAWAY ONLY,"Decaf mocha coffee, without cream",10785,
10980,PURE SOYA SOFT AND CREAMY DAIRY FREE SPREAD,Pure dairy-free soya spread/margarine,10786,
1816,PEAS-CHICK CANNED,"Chickpeas, canned",10789,
10790,"PEAS-CHICK, ADDED SALT, CANNED AND DRAINED, COOKED","Chickpeas, canned",10789,
11365,"PEAS-CHICK, NO ADDED SALT OR SUGAR, CANNED AND DRAINED , COOKED (PUREED)","Chickpeas, canned",10789,
1674,HARICOT BEANS/CANNED BOILED DRAINED WEIGHT,"Haricot beans, canned",10791,
10794,"SWEETCORN, CANNED, DRAINED, ADDED SUGAR AND/OR SALT","Sweetcorn / sweet corn, canned",10795,
1925,SWEETCORN IMMATURE COB CANNED DRAINED,"Sweetcorn / sweet corn, canned",10795,
10793,"SWEETCORN, BABY COB, CANNED DRAINED, ADDED SUGAR AND/OR SALT","Sweetcorn / sweet corn, canned",10795,
1924,"SWEETCORN, CANNED, DRAINED","Sweetcorn / sweet corn, canned",10795,
1812,PEAS PROCESSED CANNED,"Peas, canned",10796,
1810,PEAS MARROWFAT CANNED,"Peas, canned",10796,
1809,"PEAS GARDEN, CANNED","Peas, canned",10796,
1715,"CARROTS, CANNED, DRAINED WEIGHT","Carrots, canned",10797,
10798,"CARROTS, CANNED, DRAINED WEIGHT, ADDED SUGAR AND/OR SALT","Carrots, canned",10797,
1896,POTATOES NEW CANNED DRAINED,"New potatoes (baby potatoes), canned",10799,
11116,BEANS GREEN RAW,"Green beans/French beans, canned",10801,
10804,FRENCH BEANS/GREEN BEANS CANNED DRAINED ADDED SUGAR AND/OR SALT,"Green beans/French beans, canned",10801,
2679,FRENCH BEANS-CANNED DRAINED,"Green beans/French beans, canned",10801,
1672,CLUSTER/GUARE BEANS RAW,"Green beans/French beans, canned",10801,
1682,RUNNER BEANS CANNED DRAINED WEIGHT,"Runner beans, canned",10801,
1781,MUSHROOMS CANNED,"Mushrooms, canned",10802,
1667,BROAD BEANS CANNED DRAINED WEIGHT,"Broad beans, canned",10803,
10806,HEINZ LIGHT SALAD CREAM ONLY,Light salad cream,10805,
2442,SALAD CREAM LOW CALORIE,Light salad cream,10805,
3178,MAGNESIUM TABLET 80MG,Magnesium (100 mg),10834,
11023,ANIMAL PAK SUPPLEMENT,Multivitamin and minerals,10844,
10752,AQUADEKS MULTIVITAMIN AND MINERAL SUPPLEMENT,Multivitamin and minerals,10844,
10742,BAUSCH AND LOMB PRESERVATION GEL CAPSULES,Multivitamin and minerals,10844,
10079,BOOTS COMPLETE A TO Z,Multivitamin and minerals,10844,
11291,BOOTS OPTI-HEALTH,Multivitamin and minerals,10844,
10824,CENTRUM ADVANCED 50+ MULTIVITAMIN & MINERAL SUPPLEMENT,Multivitamin and minerals,10844,
11210,CENTRUM FRUITY CHEWABLES,Multivitamin and minerals,10844,
11211,CENTRUM PERFORMANCE,Multivitamin and minerals,10844,
11203,CLOVER ADDITIONS DAILY BOOST,Multivitamin and minerals,10844,
11221,CLOVER ADDITIONS IMMUNITY SUPPORT,Multivitamin and minerals,10844,
11207,CLOVER ADDITIONS STRONG BONES,Multivitamin and minerals,10844,
10349,CORAL CALCIUM SUPREME SUPPLEMENT,Multivitamin and minerals,10844,
11261,DOTERRA MICROPLEX MVP FOOD NUTRIENT COMPLEX,Multivitamin and minerals,10844,
10423,ENIVA VIBE MULTIVITAMIN AND MINERAL LIQUID SUPPLEMENT,Multivitamin and minerals,10844,
11244,FOREVER DAILY VITAMINS AND MINERALS WITH AOS COMPLEX,Multivitamin and minerals,10844,
10348,GUMMY VITES MULTIVITAMIN AND MINERAL BEARS,Multivitamin and minerals,10844,
11194,HEALTHSPAN 5-HTP 100MG,Multivitamin and minerals,10844,
10116,HEALTHSPAN A TO Z COMPLETE SPECTRUM MULITVITAMINS AND MINERALS,Multivitamin and minerals,10844,
11214,HEALTHSPAN MULTIVITALITY 70 PLUS,Multivitamin and minerals,10844,
11213,HEALTHSPAN MULTIVITALITY FOR VEGETARIANS,Multivitamin and minerals,10844,
10384,HEALTHSPAN MULTIVITAMIN AND MINERAL JELLY BEARS,Multivitamin and minerals,10844,
10085,HEALTHSPAN MULTIVITAMINS AND MINERALS '50 PLUS' WITH GINKGO,Multivitamin and minerals,10844,
10842,NUTRI ADRENAL EXTRA,Adrenal support supplement (e.g. Nutir advanced),10844,
10784,HERBALIFE SCHIZANDRA PLUS,Multivitamin and minerals,10844,
11036,HIGHER NATURE ADVANCED BRAIN NUTRIENTS,Multivitamin and minerals,10844,
11035,HIGHER NATURE ADVANCED NUTRITION COMPLEX,Multivitamin and minerals,10844,
11286,HIGHER NATURE EFFERVESCENT MULTIVITAMINS AND MINERALS,Multivitamin and minerals,10844,
10419,HIGHER NATURE TRUE FOOD SUPERNUTRITION PLUS SUPPLEMENT,Multivitamin and minerals,10844,
10087,HOLLAND AND BARRETT ABC PLUS TABLETS ONLY,Multivitamin and minerals,10844,
10439,HOLLAND AND BARRETT ABC SENIOR+ MULTIVITAMIN AND MINERAL,Multivitamin and minerals,10844,
10489,HOLLAND AND BARRETT RADIANCE MULTIVITAMIN AND MINERAL,Multivitamin and minerals,10844,
10494,KIRKLAND DAILY MULTIVITAMIN AND MINERAL SUPPLEMENT,Multivitamin and minerals,10844,
11020,LAMBERTS HEALTH INSURANCE PLUS SUPPLEMENT,Multivitamin and minerals,10844,
10814,"MULTI GUARD BALANCE, MULTIVITAMIN & MINERAL WITH CINNAMON",Multivitamin and minerals,10844,
10108,MULTIVITAMIN AND MINERAL; CENTRUM OR FLINNDAL,Multivitamin and minerals,10844,
10191,MULTIVITAMINS WITH 15MG ZINC,Multivitamin and minerals,10844,
11154,NATURES AID COMPLETE MULTI-VITAMINS & MINERALS ANTIOXIDANT FORMULA,Multivitamin and minerals,10844,
11068,NATURES BEST MULTI MAX ADVANCE FOR 50+,Multivitamin and minerals,10844,
11335,NATURES BEST MULTI-GUARD SPORT,Multivitamin and minerals,10844,
10756,NATURES PLUS ANIMAL PARADE CHEWABLE MULTIVITAMIN AND MINERAL,Multivitamin and minerals,10844,
11292,NUTRIPLUS MICROMINS DROPS,Multivitamin and minerals,10844,
10090,SANATOGEN VITAL 50+ TABLET ONLY,Multivitamin and minerals,10844,
10283,SHAPEWORKS MULTIVITAMIN AND MINERAL COMPLEX,Multivitamin and minerals,10844,
11143,SIMPLY SUPPLEMENTS A-Z MULTIVITAMINS AND MINERALS,Multivitamin and minerals,10844,
10292,SUPERDRUG 50+ MULTIVITAMINS AND MINERALS,Multivitamin and minerals,10844,
10782,SUPERDRUG A-Z MULTIVITAMINS AND MINERALS,Multivitamin and minerals,10844,
10345,SUPERDRUG SUPER ONE MULTIVITAMIN AND MINERAL SUPPLEMENT,Multivitamin and minerals,10844,
11176,VIRIDIAN HIGH FIVE MULTIVITAMIN AND MINERAL SUPPLEMENT CAPSULE,Multivitamin and minerals,10844,
10170,VITABIOTICS VISIONACE MULTIVITAMIN AND MINERAL,Multivitamin and minerals,10844,
11307,WOODS A-Z MULTI-VITAMINS WITH MINERALS,Multivitamin and minerals,10844,
11199,VITABIOTICS FEROGLOBIN B12,Vitamin B12 (500ug),10846,
10873,VITAMIN B12 1000MCG,Vitamin B12 (500ug),10846,
3249,VITAMIN B12 100UG TABLET,Vitamin B12 (500ug),10846,
8312,COFFEE STRONG INFUSION DECAFFEINATED,Decaf cappuccino coffee,10851,
10703,DECAFFEINATED LATTE (ESPRESSO AND WHOLE MILK) TAKEAWAY ONLY,Decaf latte coffee,10851,
10878,VITAMIN D 0.25 MCG,Vitamin D 1000 IU (25ug),10858,
10854,VITAMIN D CAPSULE 800IU (20MCG),Vitamin D 1000 IU (25ug),10858,
10809,VITAMIN D SUPPLEMENT 3000IU (75MCG),Vitamin D 1000 IU (25ug),10858,
11279,CENTRUM WOMEN 50+ MULTIVITAMIN-MINERAL SUPPLEMENT,"Women's multivitamin and mineral supplement (e.g wellwoman, vitabiotics)",10860,
10808,WELLWOMAN 50+ MULTIVITAMINS AND MINERALS,"Women's multivitamin and mineral supplement (e.g wellwoman, vitabiotics)",10860,
11392,TESCO WOMENS HEALTH MULTIVITAMINS AND MINERALS,"Women's multivitamin and mineral supplement (e.g wellwoman, vitabiotics)",10860,
11415,SEVEN SEAS WOMEN'S COMPLETE MULTIVITAMIN 50 PLUS,"Women's multivitamin and mineral supplement (e.g wellwoman, vitabiotics)",10860,
10450,HIGHER NATURE TRUE FOOD WISE WOMAN SUPPLEMENT,"Women's multivitamin and mineral supplement (e.g wellwoman, vitabiotics)",10860,
10458,SOLGAR FEMALE MULTIPLE MULTIVITAMIN AND MINERAL,"Women's multivitamin and mineral supplement (e.g wellwoman, vitabiotics)",10860,
11274,HOLLAND AND BARRETT ULTRA WOMAN CAPLETS,"Women's multivitamin and mineral supplement (e.g wellwoman, vitabiotics)",10860,
10740,NUTRI FEMALE GLANDULAR SUPPLEMENT,"Women's multivitamin and mineral supplement (e.g wellwoman, vitabiotics)",10860,
10717,SOLO WELLBEING FOR WOMEN SUPPLEMENT,"Women's multivitamin and mineral supplement (e.g wellwoman, vitabiotics)",10860,
11273,CENTRUM WOMEN,"Women's multivitamin and mineral supplement (e.g wellwoman, vitabiotics)",10860,
11049,SAINSBURYS STRAWBERRY SQUARES ONLY,"Chocolate squares/pillows, breakfast cereal, supermarket brands",10872,
7052,ASDA CHOCO SQUARES CEREAL FORTIFIED,"Chocolate squares/pillows, breakfast cereal, supermarket brands",10872,
10848,MORNFLAKE CHOCOLATEY SQUARES,"Chocolate squares/pillows, breakfast cereal, supermarket brands",10872,
8441,NESTLE ALMOND OATS AND MORE CEREAL FORTIFIED,"Chocolate squares/pillows, breakfast cereal, supermarket brands",10872,
10843,HARVEST MORN CHOCO PILLOWS ONLY,"Chocolate squares/pillows, breakfast cereal, supermarket brands",10872,
10823,WELLMAN 50+ MULTIVITAMINS AND MINERALS,Men's multivitamin and mineral supplement (e.g. Vitabiotics wellman),10896,
11152,BOOTS COMPLETE MAN 50+,Men's multivitamin and mineral supplement (e.g. Vitabiotics wellman),10896,
11325,TESCO MULTIPLUS MEN MULTIVITAMINS AND MINERALS,Men's multivitamin and mineral supplement (e.g. Vitabiotics wellman),10896,
10339,SAINSBURYS MULTIVITAMIN AND MINERAL SUPPLEMENT,Men's multivitamin and mineral supplement (e.g. Vitabiotics wellman),10896,
10171,VITABIOTICS PERFECTIL MULTIVITAMIN AND MINERAL,Men's multivitamin and mineral supplement (e.g. Vitabiotics wellman),10896,
10750,HEALTH ESSENTIALS PROBIOTIC A-Z MULTIVITAMIN AND MINERAL SUPPLEMENT,Men's multivitamin and mineral supplement (e.g. Vitabiotics wellman),10896,
11390,RAINBOW LIGHT MENS ONE MULTIVITAMMIN,Men's multivitamin and mineral supplement (e.g. Vitabiotics wellman),10896,
11247,MYPROTEIN ALPHA MEN MULTIVIVINETAMIN AND MINERAL,Men's multivitamin and mineral supplement (e.g. Vitabiotics wellman),10896,
11426,OPTIMUM NUTRITION OPTI-MEN,Men's multivitamin and mineral supplement (e.g. Vitabiotics wellman),10896,
10200,BIOCARE PROSTATE COMPLEX,Men's multivitamin and mineral supplement (e.g. Vitabiotics wellman),10896,
11061,WELLMAN CONCEPTION,Men's multivitamin and mineral supplement (e.g. Vitabiotics wellman),10896,
10313,"BOOTS 550MG COD LIVER OIL WITH 400MG CALCIUM AND VITS A,D,E,K","Cod liver oil and fish oil (500mg) with vitamins A (400ug), D (5ug), C (12mg)",10899,
11041,COD LIVER OIL 500MG WITH MULTIVITAMINS EG SEVEN SEAS,"Cod liver oil and fish oil (500mg) with vitamins A (400ug), D (5ug), C (12mg)",10899,
11138,"COD LIVER OIL 251MG, FISH OIL 249MG AND MULTIVITAMINS","Cod liver oil and fish oil (500mg) with vitamins A (400ug), D (5ug), C (12mg)",10899,
11232,PROZERO PROTEIN FREE MILK,Lactose free whole milk (e.g. Lactofree),10932,
9917,STRAWBERRIES STEWED WITH SUGAR,"Strawberries, stewed",10944,
11380,STRAWBERRIES STEWED WITHOUT SUGAR (PUREED),"Strawberries, stewed",10944,
9075,SPLIT PEA SOUP WITH HAM,Pea and ham soup,10960,
11459,"BOBOVITA KASKA RYZOWA BANAN (BANANA RICE PORRIDGE, DRY)",Dried banana,10964,
3922,RUSKS ORIGINAL PLAIN,"Heinz Farley's original rusks, including mini rusks",10970,
10681,HEINZ RUSKS GLUTEN FREE FORTIFIED STAGE 2,"Heinz Farley's original rusks, including mini rusks",10970,
7670,RUSKS FLAVOURED NOT LOW SUGAR,"Heinz Farley's original rusks, including mini rusks",10970,
10973,"RUSKS, UNFLAVOURED, WITH THIAMIN ONLY","Heinz Farley's original rusks, including mini rusks",10970,
7669,RUSKS LOW SUGAR NOT FLAVORED,"Heinz Farley's original rusks, including mini rusks",10970,
10971,"RUSKS, UNFLAVOURED, REDUCED SUGAR, FORTIFIED","Heinz Farley's original rusks, including mini rusks",10970,
2105,PEACHES DRIED STEWED WITH SUGAR,"Nectarine/peach, stewed",10976,
11379,PEACHES FRESH FLESH & SKIN ONLY (STEWED),"Nectarine/peach, stewed",10976,
10552,WASSEN SERENOA-C SUPPLEMENT,Wassen magnesium OK,10991,
7832,FISH FINGERS ECONOMY BATTER/BREADCRUMB GRILLED,"Fish fingers, grilled or oven baked",11006,
11007,"FISH FINGERS, SALMON, GRILLED/BAKED (NOT COD, NOT POLLACK)","Fish fingers, grilled or oven baked",11006,
566,SPONGE PUDDING CANNED (ANY),"Sponge pudding with jam/syrup/treacle, shop-bought",11009,
11010,CHOCOLATE SPONGE PUDDING PURCHASED NOT CANNED,"Sponge pudding with jam/syrup/treacle, shop-bought",11009,
3911,"RICE PUDDING WITH OR WITHOUT FRUIT, REDUCED FAT, NOT CANNED EG. MULLER RICE 99% FAT FREE","Rice pudding, low fat, ready to eat, not canned (e.g. Muller rice)",11011,
65,RICE WHITE IN SEMI SKIMMED MILK,"Rice pudding, low fat, ready to eat, not canned (e.g. Muller rice)",11011,
67,RICE WHITE BOILED IN SKIMMED MILK,"Rice pudding, low fat, ready to eat, not canned (e.g. Muller rice)",11011,
8173,"RICE PUDDING WITH FRUIT, CANNED","Rice pudding, low fat, canned",11012,
8172,RICE PUDDING CHOCOLATE CANNED,"Rice pudding, low fat, canned",11012,
3068,RICE PUDDING CANNED LOW CAL ARTIFICIAL SWEETENER,"Rice pudding, low fat, canned",11012,
9337,RICE PUDDING MADE WITH SEMI SKIMMED MILK,"Rice pudding, low fat, canned",11012,
8027,RICE PUDDING MADE WITH CLOTTED CREAM,"Rice pudding, low fat, canned",11012,
75,RICE MILK SUGAR AND BUTTER,"Rice pudding, low fat, canned",11012,
557,MILK PUDDING MADE WITH SEMI-SKIMMED MILK,"Rice pudding, low fat, canned",11012,
66,WHITE RICE SEMI SKIMMED MILK AND SUGAR,"Rice pudding, low fat, canned",11012,
2274,OPAL FRUITS CHEWITS CHEWS PACERS BLACKJACK,"Chewy sweets (e.g. Chewitts, Blackjacks, not Starburst)",11013,
10881,BEROCCA BOOST EFFERVESCENT TABLETS,"Berocca, effervescent tablet",11017,
10089,"HOLLAND AND BARRETT SKIN, HAIR, NAILS FORMULA ONLY","Skin, hair and nail supplement (e.g. Perfectil)",11019,
10278,BOOTS HAIR SKIN AND NAILS SUPPLEMENT WITH EPO,"Skin, hair and nail supplement (e.g. Perfectil)",11019,
10114,HEALTHSPAN HAIR AND NAILS TABLET,"Skin, hair and nail supplement (e.g. Perfectil)",11019,
10268,HOLLAND AND BARRETT SILICA COMPLEX,"Skin, hair and nail supplement (e.g. Perfectil)",11019,
10739,NOURKIN EXTRA STRENGTH SUPPLEMENTS,"Skin, hair and nail supplement (e.g. Perfectil)",11019,
10279,SOLGAR HAIR SKIN AND NAILS FORMULA,"Skin, hair and nail supplement (e.g. Perfectil)",11019,
10095,A.VOGEL LUFFA COMPLEX ONLY,"Skin, hair and nail supplement (e.g. Perfectil)",11019,
10139,A VOGEL ANTI-AGEING COMPLEX,"Skin, hair and nail supplement (e.g. Perfectil)",11019,
11278,APTAMIL GROW UP MILK 2+ YEARS MADE UP,"Toddler/ growing up milk (2-3 years), e.g. Aptamil 4, Cow & Gate 4",11050,
10616,"COW AND GATE GOODNIGHT MILK, 6 MONTHS+, MADE UP","Toddler/ growing up milk (2-3 years), e.g. Aptamil 4, Cow & Gate 4",11050,
10370,"COW AND GATE COMFORT FOLLOW-ON MILK, DRY WEIGHT","Toddler/ growing up milk (2-3 years), e.g. Aptamil 4, Cow & Gate 4",11050,
10832,COD LIVER OIL 525MG WITH VITAMIN D 5MCG AND VITAMIN E 10MG,"Cod liver oil, high strength (1000mg), with vitamins A (800ug) and D (5ug)",11052,
11293,"JOINT HEALTH COD LIVER OIL 4600G WITH VITAMINS A,D,E E.G. BOOTS","Cod liver oil, high strength (1000mg), with vitamins A (800ug) and D (5ug)",11052,
10134,SEVEN SEAS COD LIVER OIL EXTRA STRENGTH 1050MG,"Cod liver oil, high strength (1000mg), with vitamins A (800ug) and D (5ug)",11052,
11167,SEVEN SEAS COD LIVER OIL ORANGE SYRUP,"Cod liver oil, high strength (1000mg), with vitamins A (800ug) and D (5ug)",11052,
10228,ZIPVIT COD LIVER OIL 1000MG ONLY,"Cod liver oil, high strength (1000mg), with vitamins A (800ug) and D (5ug)",11052,
8760,WHEAT FLAKE CEREAL WITH DRIED FRUIT,"Special Flakes, with berries/fruit, supermarket brands",11071,
1914,SPINACH FRESH RAW,"Spinach, raw (not baby spinach)",11100,
1931,TOMATOES RAW,"Tomato, fresh",11103,
1808,PEAS FROZEN BOILED,"Peas, cooked from frozen",11106,
11105,PEAS FROZEN BOILED,"Peas, cooked from frozen",11106,
1818,PEAS FREEZE DRIED BOILED,"Peas, cooked from frozen",11106,
2618,PEAS MUSHY BOILED NOT CANNED,"Peas, cooked from frozen",11106,
11107,PETIT POIS FROZEN BOILED,"Peas, cooked from frozen",11106,
11108,PETIT POIS FROZEN MICROWAVED/STEAMED,"Peas, cooked from frozen",11106,
8284,PETIT POIS PEAS FROZEN BOILED,"Peas, cooked from frozen",11106,
1693,BROCCOLI SPEARS CALABRESE FRESH BOILED,"Broccoli, boiled",11109,
1694,BROCCOLI SPEARS CALABRESE FROZEN BOILED,"Broccoli, boiled",11109,
1980,BILBERRIES RAW,Blueberries / bilberries,11115,
11124,BILBERRIES RAW,Blueberries / bilberries,11115,
1836,POTATOES OLD BAKED FLESH ONLY WEIGHED WITH SKIN,"Baked potato / jacket potato, skin not eaten",11119,
11121,POTATOES OLD OVEN BAKED FLESH ONLY WEIGHED WITH SKIN,"Baked potato / jacket potato, skin not eaten",11119,
10532,ASDA MILKSHAKE MIX FORTIFIED,Nesquik milkshake powder,11128,
10716,ASDA REDUCED SUGAR MILKSHAKE POWDER,Nesquik milkshake powder,11128,
7235,NESQUIK MILK SHAKE MILK DRINK POWDER ANY FLAVOUR,Nesquik milkshake powder,11128,
11127,NESQUIK MILK SHAKE POWDER CHOCOLATE ONLY,Nesquik milkshake powder,11128,
8458,"OVALTINE MAX FOR MILK POWDER, ANY FLAVOUR",Nesquik milkshake powder,11128,
8605,CHEESE STRAWS HOMEMADE,Cheese strings/strips (e.g. Dairylea),11129,
10055,CHEESE STRAWS PURCHASED,Cheese strings/strips (e.g. Dairylea),11129,
10491,DAIRYLEA STRIP CHEESE FORTIFIED WITH CALCIUM AND VITAMIN D,Cheese strings/strips (e.g. Dairylea),11129,
11173,MORRISONS KIDS CHEWABLE MULTIVITAMINS,Childrens' chewable Multivitamins (age 7-11) (e.g. Bassets),11148,
10759,"CHILDRENS CHEWABLE VITAMINS A,C,D",Childrens' chewable Multivitamins (age 7-11) (e.g. Bassets),11148,
11246,FOREVER LIVING CHEWABLE MULTIVITAMINS AND MINERALS FOR KIDS,Childrens' chewable Multivitamins (age 7-11) (e.g. Bassets),11148,
11040,CHEWYZ HIGH FIBRE FRUIT FLAVOUR CHEWS FOR CHILDREN 3 YEARS+,Childrens' chewable Multivitamins (age 7-11) (e.g. Bassets),11148,
11334,OPTIMA HEALTHCARE JUNIOR MULTIPLUS CHEWABLE TABLETS,Childrens' chewable Multivitamins (age 7-11) (e.g. Bassets),11148,
10735,PRINCIPLE HEALTHCARE VIT HEROES KIDS CHEWY MULTIVITS,Childrens' chewable Multivitamins (age 7-11) (e.g. Bassets),11148,
11209,BASSETTS SOFT & CHEWY ACTIVE HEALTH PLUS OMEGA 3,"Omega 3,6 and 9 supplement (e.g Holland and Barrett)",11163,
10810,"ESKIMO OMEGA 3, 6 AND 9 LIQUID WITH VITAMINS D & E","Omega 3,6 and 9 supplement (e.g Holland and Barrett)",11163,
11177,"ESKIMO BRAIN OMEGA 3,6,9 CAPSULE","Omega 3,6 and 9 supplement (e.g Holland and Barrett)",11163,
10469,EFALEX OMEGA 3 AND 6 CAPSULES,"Omega 3,6 and 9 supplement (e.g Holland and Barrett)",11163,
10574,"OMEGA 3,6,9 SUPPLEMENT WITH FISH, EVENING PRIMROSE AND OLIVE OIL","Omega 3,6 and 9 supplement (e.g Holland and Barrett)",11163,
11245,OMEGA 7 SEA BUCKTHORN CAPSULE,"Omega 3,6 and 9 supplement (e.g Holland and Barrett)",11163,
10269,OMACOR OMEGA 3 CAPSULES,"Omega 3,6 and 9 supplement (e.g Holland and Barrett)",11163,
11183,VITABIOTICS WELL WOMAN PLUS OMEGA 3-6-9 CAPSULE & TABLET,"Omega 3,6 and 9 supplement (e.g Holland and Barrett)",11163,
10368,VITAFIT MULTIVITAMIN TABLET,"Multivitamin, effervescent tablet",11169,
10363,MULTIVITAMIN BPC TABLETS,"Multivitamin, effervescent tablet",11169,
10225,MY PROTEIN MULTIVITAMIN TABLETS,"Multivitamin, effervescent tablet",11169,
10205,LIFEPLAN MULTIVITAMIN TABLETS,"Multivitamin, effervescent tablet",11169,
10088,HOLLAND AND BARRETT MULTIVITAMIN TABLET ONLY,"Multivitamin, effervescent tablet",11169,
11296,VITAMINSTORE ENERGY RELEASE EFFERVESCENT TABLETS WITH ADDED SWEETENER,"Multivitamin, effervescent tablet",11169,
11193,PHC ENERGISE EFFERVESCENT TABLET,"Multivitamin, effervescent tablet",11169,
11153,KRUGER EFFERVESCENT MULTI-VITAMINS,"Multivitamin, effervescent tablet",11169,
11197,ALDI ACTIV-MAX ENERGISE EFFERVESCENT TABLET,"Multivitamin, effervescent tablet",11169,
10409,KETOVITE TABLETS,"Multivitamin, effervescent tablet",11169,
11301,FORMULA VM-75 TABLETS,"Multivitamin, effervescent tablet",11169,
11298,BELEAN HIGH PROTEIN SHAKE,Protein Shake,11186,
11166,FOR GOODNESS SHAKES SPORTS RECOVERY RTD,Protein Shake,11186,
9723,GREEN ESSENCE VEGETABLE SUPPLEMENT POWDER,"Pre-workout supplements, powder (e.g. Grenade)",11200,
11234,ALMOND ALTERNATIVE TO MILK UNSWEETENED FORTIFIED WITH CALCIUM AND VITAMINS,"Almond milk/drink, unsweetened (e.g. Alpro)",11229,
2182,COCONUT MILK DRAINED FROM FRESH COCONUT,Coconut water,11230,
2849,FLORA PRO ACTIV LIGHT SPREAD ONLY,Flora Light spread/margarine,11238,
10052,FLORA EXTRA LIGHT,Flora Light spread/margarine,11238,
10054,FLORA PRO ACTIV EXTRA LIGHT ONLY,Flora Light spread/margarine,11238,
10049,LOW FAT SPREAD (26-39% FAT) POLYUNSATURATED,Flora Light spread/margarine,11238,
10051,"LOW FAT SPREAD (26-39% FAT) POLYUNSATURATED, FORTIFIED WITH B6, B12, FOLIC ACID, OMEGA 3 FROM FISH",Flora Light spread/margarine,11238,
7725,COTTAGE CHEESE LOW FAT PLAIN,"Cottage cheese, fat-free/low-fat",11258,
7726,"COTTAGE CHEESE, LOW FAT WITH ADDITIONS","Cottage cheese, fat-free/low-fat",11258,
1944,VEGETABLE JUICE MIXED,"Fruit and vegetable juice, fortified with vitamins (e.g. Lidl Vitafit)",11259,
11178,SAINSBURY MULTIVITAMIN FRUIT JUICE,"Fruit and vegetable juice, fortified with vitamins (e.g. Lidl Vitafit)",11259,
11290,TYMBARK MULTIFRUIT CARROT DRINK ONLY FORTIFIED WITH VITAMIN,"Fruit and vegetable juice, fortified with vitamins (e.g. Lidl Vitafit)",11259,
10926,YOPLAIT PERLE DE LAIT FORTIFIED,"Yoplait Frubes/Wildlife Choobs, yoghurt tubes",11311,
6957,"ROBINSONS FRUIT SHOOT, NOT NAS, RTD",Robinson's fruit shoot juiced,11319,
11352,STEVIA BASED SWEETENER (CANDEREL),Sweetener (sorbitol),11320,
867,RED PALM OIL,Palm oil,11322,
10103,BOOTS TEENAGE A TO Z CHEWABLE MULTIVITAMINS AND MINERALS ONLY,Teenage multivitamin and mineral supplement (e.g. Wellteen),11324,
11399,FORCEVAL JUNIOR MULTIVITAMIN AND MINERAL,Teenage multivitamin and mineral supplement (e.g. Wellteen),11324,
11171,CYTOPLAN LITTLE PEOPLE MULTIVITAMIN & MINERAL,Teenage multivitamin and mineral supplement (e.g. Wellteen),11324,
10835,NUTRIGOLD SUPAMAG PLUS VITAMIN AND MINERAL SUPPLEMENT,Teenage multivitamin and mineral supplement (e.g. Wellteen),11324,
10340,KORDELS JUNIOR TIME MULTIVITAMIN AND MINERAL,Teenage multivitamin and mineral supplement (e.g. Wellteen),11324,
11044,HOLLAND AND BARRETT MEGA VITA-MIN TEENS,Teenage multivitamin and mineral supplement (e.g. Wellteen),11324,
10127,TESCO CHILDRENS MULTIVITAMINS AND MINERALS,Teenage multivitamin and mineral supplement (e.g. Wellteen),11324,
10241,VIVIOPTAL JUNIOR MULTIVITAMIN AND MINERAL LIQUID,Teenage multivitamin and mineral supplement (e.g. Wellteen),11324,
11331,"PASTA AND SAUCE MIXES, TOMATO BASED, COOKED","Pasta and sauce mix, tomato based (uncooked)",11330,
11342,CARROT OLD RAW PUREED,Carrot puree,11345,
11346,CARROTS YOUNG FRESH BOILED PUREED,Carrot puree,11345,
11369,"CELERY, FRESH RAW (PUREED)",Celery puree,11347,
10508,"PROCESSED CHEESE SLICES/SINGLES, LOW FAT, FORTIFIED WITH CALCIUM NOT DAIRYLEA","Dairylea Lunchables (includes cheese, meat and crackers)",11350,
10484,LAUGHING COW EXTRA LIGHT CHEESE TRIANGLES,Cheese dippers (e.g. Laughing Cow),11351,
2460,TOMATO PUREE CANNED,"Tomatoes, canned (pureed)",11354,
2449,TOMATO PUREE (NOT CANNED),"Tomato, fresh (pureed)",11355,
11393,HARICOT BEANS DRIED BOILED (PUREED) FS PROJECT,Haricot beans puree,11372,
10104,BOOTS MULTIVITAMIN SYRUP 4 MONTHS TO 12 YEARS ONLY,Wellkid multivitamin liquid (age 4-12),11413,
10112,SEVEN SEAS HALIBORANGE MULTIVITAMIN LIQUID ONLY,Wellkid multivitamin liquid (age 4-12),11413,
11057,MCVITIES BREAKFAST BISCUITS FORTIFIED,Mcvities rich tea,11420,
11205,MCVITIES BREAKFAST YOGURT SANDWICH BISCUITS FORTIFIED,Mcvities rich tea,11420,
11302,MCVITIES OATY BREAKS BREAKFAST BARS,Belvita soft bakes (breakfast biscuits),11421,
3222,VEGETABLE & PASTA IN A CREAMY TOMATO SAUCE,Pasta with vegetables in a tomato-based sauce,11498,
10857,MILK 1% AFTER BOILING,Semi skimmed milk,11517,
9132,MILK SEMI SKIMMED STERILISED,Semi skimmed milk,11517,
694,MILK SEMI SKIMMED UHT CANNED,Semi skimmed milk,11517,
608,MILK SEMI-SKIMMED PASTEURISED SUMMER,Semi skimmed milk,11517,
8543,MILK SEMI-SKIMMED PASTEURISED WINTER,Semi skimmed milk,11517,
609,MILK SEMI-SKIMMED PASTEURIZED WITH SMP AND VITS A & D,Semi skimmed milk,11517,
610,MILK SEMI-SKIMMED UHT,Semi skimmed milk,11517,
10122,BUFFALO MILK,Whole milk,11518,
607,MILK WHOLE CHANNEL ISLAND PASTERIZED WINTER,Whole milk,11518,
606,MILK WHOLE CHANNEL ISLAND PASTEURISED SUMMER,Whole milk,11518,
603,MILK WHOLE PASTEURISED WINTER,Whole milk,11518,
604,MILK WHOLE STERILISED,Whole milk,11518,
602,MILK WHOLE SUMMER PASTEURISED,Whole milk,11518,
605,MILK WHOLE UHT,Whole milk,11518,
3145,MILK WHOLE UNPASTEURISED,Whole milk,11518,
7183,FLORA PRO ACTIV SKIMMED MILK,Skimmed milk,11519,
4319,INSTANT WHIP SKIMMED MILK,Skimmed milk,11519,
613,MILK SKIMMED PASTEURISED SUMMER,Skimmed milk,11519,
8544,MILK SKIMMED PASTEURISED WINTER,Skimmed milk,11519,
615,MILK SKIMMED STERILIZED,Skimmed milk,11519,
616,MILK SKIMMED UHT,Skimmed milk,11519,
617,MILK SKIMMED WITH ADDED VIT UHT,Skimmed milk,11519,
614,MILK SKIMMED WITH ADDED VITAMINS AND MILK SOLIDS PASTEURISED,Skimmed milk,11519,
6542,LAMB MEAT BALLS WITH TOMATO SAUCE,Meatballs in tomato sauce,11522,
3686,MEATBALLS IN TOMATO SAUCE WITH ARTIFICIAL SWEETENER,Meatballs in tomato sauce,11522,
10060,"CEREAL BARS WITH FRUIT AND NUTS, COATED, UNFORTIFIED",Cereal bar with fruit and nuts,11526,
10059,"CEREAL BARS WITH FRUIT AND NUTS, NOT COATED, UNFORTIFIED",Cereal bar with fruit and nuts,11526,
10053,FLORA PRO ACTIV OLIVE OIL ONLY,Flora pro activ buttery spread,11528,
7789,SAUSAGES PORK & BEEF SKINLESS GRILLED,"Pork sausage, grilled",11529,
7787,SAUSAGES PORK SKINLESS GRILLED,"Pork sausage, grilled",11529,
7792,SAUSAGES PREMIUM PORK FRIED,"Pork sausage, grilled",11529,
1282,"SAUSAGES, PORK AND BEEF, GRILLED, FRIED","Pork sausage, grilled",11529,
7785,"SAUSAGES, PORK, ECONOMY, GRILLED","Pork sausage, grilled",11529,
4038,FITNESSE CEREAL NESTLE,"Crunchy, cluster type cereal",11530,
8712,NESTLE CLUSTERS BREAKFAST CEREAL,"Crunchy, cluster type cereal",11530,
10885,KELLOGGS SPECIAL K HONEY CLUSTER,"Crunchy, cluster type cereal",11530,
8118,MUESLI WITH 55% FRUIT,"Muesli with fruit only, no nuts",11533,
10596,KELLOGGS SPECIAL K FRUIT AND NUT CLUSTERS,Crunchy oat cereal (granola) with fruit and nuts,11534,
11264,SPECIAL K GRANOLA,Crunchy oat cereal (granola) with fruit and nuts,11534,
10187,"SPECIAL K CEREAL BARS, FRUIT WITH YOGURT TOPPING ONLY","Special K cereal bar, not protein or fibre",11536,
8014,SPECIAL K BLISS WITH CHOC OR YOGURT PIECES,"Special K cereal bar, not protein or fibre",11536,
10576,BEEF BOLOGNESE SAUCE PURCHASED,"Beef bolognese sauce, home made",11554,
6614,BEEF BOURGUIGNONNE CODE 6614,"Beef bolognese sauce, home made",11554,
8986,BOLOGNAISE SAUCE LEAN & FAT TOMATOES PEPPERS,"Beef bolognese sauce, home made",11554,
8912,BOLOGNAISE SAUCE LEAN MINCE - BASIC RECIPE,"Beef bolognese sauce, home made",11554,
1323,BOLOGNESE SAUCE,"Beef bolognese sauce, home made",11554,
6441,BOLOGNESE SAUCE WITH STEAK MINCE ONION TINNED TOM,"Beef bolognese sauce, home made",11554,
10651,"BABY MEALS WITH BEEF AND VEGETABLES, STAGE 1",Beef potato and vegetable stew,11558,
6210,CHICKEN AND MUSHROOMS IN WHITE WINE SAUCE,"Chicken in a white wine/cream sauce, homemade",11559,
10143,"WHITE WINE, CHICKEN AND MUSHROOM SAUCE, FRESH, PURCHASED","Chicken in a white wine/cream sauce, homemade",11559,
6494,BOLGN SAUCE MINCED BEEF PASTA SAU. MUSHR. ONIO OIL,"Beef bolognese sauce, shop-bought",11560,
5670,BOLOG. SAUCE WITH LEAN MINCE BASIC REC. & MUSH.,"Beef bolognese sauce, shop-bought",11560,
7780,BOLOGNESE SAUCE CANNED,"Beef bolognese sauce, shop-bought",11560,
5314,BOLOGNESE SAUCE MADE WITH BOTTLED PASTA SAUCE,"Beef bolognese sauce, shop-bought",11560,
2335,ORANGE JUICE SWEETENED BOTTLED,"Orange squash, high juice, with ADDED SUGAR, diluted",11576,
10285,"APPLE AND BLACKCURRANT FRUIT JUICE, NOT FROM CONCENTRATE","Apple and blackcurrant squash / juice, with ADDED SUGAR, diluted",11581,
11158,RIBENA PLUS MIXED BERRIES NAS DRINK WITH CALCIUM & VITAMIN C,"Ribena squash / juice , diluted, no added sugar",11582,
10332,BOOTS ORGANIC STAGE 2 TODDLER MEALS WITH CHICKEN AND VEGETABLES,Chicken and vegetables with a tomato based sauce,11583,
8671,COW & GATE STAGE 2 SAVOURY BABY MEALS NOT FORTIFIED,Chicken and vegetables with a tomato based sauce,11583,
10463,COW & GATE TODDLER BALANCE STAGE 3 SAVOURY BABY MEALS NOT FORTIFIED,Chicken and vegetables with a tomato based sauce,11583,
10331,BOOTS ORGANIC STAGE 2 TODDLER MEALS WITH PORK AND VEGETABLES,Pork stir fry (meat and vegetables),11584,
10461,HEINZ SAVOURY TODDLER FOOD WITH PORK AND VEGETABLES 12 MONTH+,Pork stir fry (meat and vegetables),11584,
10669,HIPP ORGANIC MEALS WITH PORK AND VEGETABLES STAGE 2,Pork stir fry (meat and vegetables),11584,
10194,ASDA KIDS MULTIVITAMINS AND MINERALS,Childrens' multivitamin and minerals,11585,
10102,BOOTS CHILDRENS A TO Z CHEWABLE MULTIVITAMINS AND MINERALS ONLY,Childrens' multivitamin and minerals,11585,
10364,CHILDRENS MULTIVITAMIN CAPSULES WITH OMEGA 3,Childrens' multivitamin and minerals,11585,
11223,"CHILDRENS MULTIVITAMIN TABLETS WITH IRON, ZINC AND IODINE",Childrens' multivitamin and minerals,11585,
10892,FLINTSTONES CHILDRENS COMPLETE MULTIVITAMIN AND MINERAL ONLY,Childrens' multivitamin and minerals,11585,
11329,INNOVITIVE MULTIVITAMINS AND MINERALS  FOR CHILDREN,Childrens' multivitamin and minerals,11585,
11062,LAMBERTS MULTIGUARD FOR KIDS,Childrens' multivitamin and minerals,11585,
10826,SAINSBURYS KIDS MULTIVITAMINS AND MINERALS,Childrens' multivitamin and minerals,11585,
10164,SANATOGEN KIDS A TO Z MULTIVITAMIN AND MINERAL,Childrens' multivitamin and minerals,11585,
10449,VITABIOTICS WELLKID SMART MULTVITAMINS AND MINERALS,Childrens' multivitamin and minerals,11585,
10555,WELLKID BABY AND INFANT VITAMIN AND MINERAL LIQUID,Childrens' multivitamin and minerals,11585,
11215,DOTERRA A2Z CHEWABLE,Childrens' chewable multivitamins,11586,
8486,"HONEY LOOPS, KELLOGGS ONLY","Honey hoops cereal (cheerios), supermarket brands",11595,
10468,HONEY MONSTER HONEY WAFFLE BREAKFAST CEREAL FORTIFIED,"Honey hoops cereal (cheerios), supermarket brands",11595,
4056,"BEEF BURGER, HOMEMADE, LEAN MINCE FRIED IN OLIVE OIL","Beef burger/hamburger, in a bun, not quarter pounder (homemade)",11596,
5652,BEEFBURGER HOME MADE,"Beef burger/hamburger, in a bun, not quarter pounder (homemade)",11596,
11165,NAKED BLUE MACHINE BLUEBERRY SMOOTHIE,"Fruit smoothie with added vitamins (e.g. Naked, super smoothie, protect/energise type)",11605,
11409,"NAKED MANGO MACHINE SMOOTHIE, FORTIFIED","Fruit smoothie with added vitamins (e.g. Naked, super smoothie, protect/energise type)",11605,
2096,PASSION FRUIT RAW JUICE ONLY,Passion fruit puree,20061,
6539,WATER CRESS SOUP,Watercress puree,30022,
30052,PEAS SPLIT DRIED BOILED (PUREED),Peas puree,30027,
24,"OATS, ROLLED, PLAIN, DRY WEIGHT, NOT QUAKER, READY BREK/ INSTANT OATS",Oats (uncooked),30068,
2489,SWEETCORN CHOWDER,"Sweetcorn / sweet corn, canned, puree",30079,
10812,ACAI TABLETS,???,???,Check
3228,"ACIDOPHILLIS CAPSULE, ANY STRENGTH",???,???,Check
10525,"AGNUS CASTUS CAPSULES, ANY STRENGTH, ANY BRAND",???,???,Check
11055,ALIBI PRETOX DRINK,???,???,Check
6845,ALOE VERA CAPSULE/TABLET,???,???,Check
10421,ALPHA-LIPOIC ACID (ALA) 100MG SUPPLEMENT,???,???,Check
10227,AMINO ACID AND VITAMIN B6 TABLETS,???,???,Check
3743,ARNICA TABLET,???,???,Check
11141,BEACHBODY NUTRITIONALS ACTIVIT,???,???,Check
3218,BEE POLLEN TABLETS,???,???,Check
11191,BEST-IN STIMULATION DRINK FORTIFIED WITH B VITAMINS,???,???,Check
3791,BLACK COHOSH TABLET ANY STRENGTH,???,???,Check
11410,"BOOTS SHAPERS WATERVITS MULTIVITAMIN STILL MINERAL WATER WITH SWEETENER, FORTIFIED",???,???,Check
11424,CHARCOAL CAPSULES,???,???,Check
10734,COLLAGENA MEDICA CAPSULES,???,???,Check
10226,CONJUGATED LINOLEIC ACID (CLA) 1000MG,???,???,Check
2954,CRANBERRY 5000MG TABLET,???,???,Check
2715,"ECHINACEA TABLETS, ANY DOSE",???,???,Check
10096,ECHINACEA TINCTURE/DROPS ONLY,???,???,Check
10230,EFFICO TONIC WITH B VITS AND CAFFEINE,???,???,Check
10373,ENDEKAY FLUORIDE DROPS,???,???,Check
10545,ESTER-C 950MG SUPPLEMENT,???,???,Check
11423,FAIRVITAL NADH SUBLINGUAL TABLET 20MG,???,???,Check
3798,FEVERFEW TABLETS,???,???,Check
11188,FOREVER FIELDS OF GREENS,???,???,Check
11187,FOREVER LYCIUM PLUS,???,???,Check
9740,"GINKGO BILOBA EXTRACT,  ANY STRENGTH",???,???,Check
11160,GRAPESEED EXTRACT,???,???,Check
3796,GUARANA TABLETS,???,???,Check
10780,HIGHER NATURE RED STEROL COMPLEX,???,???,Check
11294,HIGHER NATURE SEROTONE 5HTP 50MG,???,???,Check
10111,HORSE CHESTNUT TABLETS/CAPSULES ANY STRENGTH,???,???,Check
10733,"HORSETAIL CAPSULES, ANY BRAND, ANY STRENGTH",???,???,Check
10195,I.CAPS HEALTHY EYE TABLETS,???,???,Check
11383,INOSITOL 750MG,???,???,Check
10206,L-GLUTAMINE POWDER,???,???,Check
5163,LIQUID MEDICINE NOT SUGAR FREE,???,???,Check
10118,LUTEIN 10MG (ZEAXANTHIN 440MCG),???,???,Check
10430,MELATONIN CAPSULES,???,???,Check
10377,METATONE LIQUID,???,???,Check
2834,MILK THISTLE OR SILYMARIN CAPSULES,???,???,Check
10353,MINADEX VITAMIN AND MINERAL TONIC FOR CHILDREN,???,???,Check
10309,MYCOPROTEIN BCAA 1000MG CAPSULES,???,???,Check
10852,NATURELL SILICA,???,???,Check
10841,NUTRI GALL PLUS,???,???,Check
10475,PEPPERMINT OIL CAPSULES ANY STRENGTH ANY BRAND,???,???,Check
2973,PHOSPHATIDYLSERINE 500MG,???,???,Check
10838,PKU GEL FLAVOURED,???,???,Check
11175,PROBIOTIC SUPPLEMENT CAPSULE,???,???,Check
3727,RED CLOVER TABLET,???,???,Check
10117,RED VINE LEAF EXTRACT ANY STRENGTH,???,???,Check
10367,ROSEHIP EXTRACT 5000MG CAPSULE,???,???,Check
10342,ROSEHIP EXTRACT 750MG,???,???,Check
2348,ROSEHIP SYRUP UNDILUTED,???,???,Check
10853,RUTIN CAPSULES ANY STRENGTH ANY BRAND,???,???,Check
3744,SAGE LEAF TABLET,???,???,Check
11168,SAMBUCOL ORIGINAL BLACK ELDERBERRY LIQUID,???,???,Check
10394,SAW PALMETTO EXTRACT,???,???,Check
10891,SAW PALMETTO EXTRACT WITH ZINC AND GLA,???,???,Check
10442,SEAGREENS FOOD CAPSULES 500MG,???,???,Check
10429,SLIPPERY ELM POWDER,???,???,Check
3413,SOYA LECITHIN TABLET,???,???,Check
6890,ST JOHN'S WORT TABLETS/CAPSULES,???,???,Check
10550,SUN CHLORELLA TABLETS,???,???,Check
11225,THYROID SUPPORT FORMULA,???,???,Check
10840,VITABIOTICS WELLWOMAN DRINK,???,???,Check
11072,"VITAMIN K, ANY STRENGTH, ANY BRAND",???,???,Check
10715,WATER RETENTION TABLETS WITH DANDELION EXTRACT,???,???,Check
10431,WILD YAM CAPSULES,???,???,Check
11283,BOOTS KIDS MULTIVITAMIN GUMMIES,"Childrens' multivitamins, drops",,